118.235.3.36,0,61.159,kt,1725702870930945,6728
118.235.3.36,1,57.025,kt,1725702870960418,2807
118.235.3.36,2,40.269,kt,1725702870977191,1335
118.235.3.36,3,52.008,kt,1725702871022586,3990
118.235.3.36,5,55.415,kt,1725702871093179,6544
118.235.3.36,6,60.811,kt,1725702871132331,2107
118.235.3.36,7,49.05,kt,1725702871154002,9623
118.235.3.36,8,54.837,kt,1725702871193396,6421
118.235.3.36,9,61.788,kt,1725702871233941,10754
118.235.3.36,10,58.918,kt,1725702871264674,14625
118.235.3.36,11,55.639,kt,1725702871295036,18096
118.235.3.36,12,59.868,kt,1725702871332848,7926
118.235.3.36,13,65.601,kt,1725702871372192,15758
118.235.3.36,14,63.293,kt,1725702871403499,11397
118.235.3.36,15,60.299,kt,1725702871434069,11817
118.235.3.36,16,55.636,kt,1725702871462987,6751
118.235.3.36,17,52.642,kt,1725702871493560,10971
118.235.3.36,18,58.089,kt,1725702871532620,4270
118.235.3.36,19,44.825,kt,1725702871552966,7071
118.235.3.36,20,57.569,kt,1725702871599302,27433
118.235.3.36,21,58.006,kt,1725702871633320,7517
118.235.3.36,22,53.012,kt,1725702871661897,2152
118.235.3.36,23,60.38,kt,1725702871702891,6696
118.235.3.36,24,55.748,kt,1725702871731881,1709
118.235.3.36,25,53.605,kt,1725702871763378,7022
118.235.3.36,26,59.742,kt,1725702871803102,2360
118.235.3.36,27,56.043,kt,1725702871833015,8568
118.235.3.36,28,41.866,kt,1725702871852426,2142
118.235.3.36,29,59.015,kt,1725702871903168,7246
118.235.3.36,30,58.156,kt,1725702871935915,18413
118.235.3.36,31,41.71,kt,1725702871953063,5552
118.235.3.36,32,56.84,kt,1725702872002055,3609
118.235.3.36,33,54.967,kt,1725702872033483,6499
118.235.3.36,34,50.014,kt,1725702872062144,2633
118.235.3.36,35,57.048,kt,1725702872102747,5108
118.235.3.36,36,52.945,kt,1725702872132266,2521
118.235.3.36,37,50.108,kt,1725702872162995,5270
118.235.3.36,38,55.699,kt,1725702872202166,2527
118.235.3.36,39,43.042,kt,1725702872223111,5534
118.235.3.36,40,67.937,kt,1725702872281627,12089
118.235.3.36,41,59.768,kt,1725702872307056,7169
118.235.3.36,42,46.032,kt,1725702872326949,2246
118.235.3.36,43,58.439,kt,1725702872372941,5699
118.235.3.36,44,54.248,kt,1725702872402320,2893
118.235.3.36,45,61.219,kt,1725702872442938,8636
118.235.3.36,46,57.24,kt,1725702872472561,2909
118.235.3.36,47,54.182,kt,1725702872503044,8436
118.235.3.36,48,67.405,kt,1725702872549912,1538
118.235.3.36,49,51.675,kt,1725702872567748,6103
118.235.3.36,50,56.882,kt,1725702872606542,14667
118.235.3.36,51,59.841,kt,1725702872643098,8545
118.235.3.36,52,55.124,kt,1725702872671991,2650
118.235.3.36,53,52.54,kt,1725702872702945,5950
118.235.3.36,54,58.046,kt,1725702872742106,3384
118.235.3.36,55,55.191,kt,1725702872772849,5567
118.235.3.36,56,61.077,kt,1725702872812336,3204
118.235.3.36,57,58.225,kt,1725702872843083,6462
118.235.3.36,58,53.902,kt,1725702872872313,3182
118.235.3.36,59,61.074,kt,1725702872913105,7347
118.235.3.36,60,57.918,kt,1725702872943578,12148
118.235.3.36,61,53.718,kt,1725702872972967,8433
118.235.3.36,62,59.409,kt,1725702873012237,3169
118.235.3.36,63,57.241,kt,1725702873043704,9153
118.235.3.36,64,52.04,kt,1725702873072092,2544
118.235.3.36,65,59.372,kt,1725702873112995,8441
118.235.3.36,66,55.014,kt,1725702873142236,2626
118.235.3.36,67,51.873,kt,1725702873172705,7658
118.235.3.36,68,42.775,kt,1725702873197240,2028
118.235.3.36,69,55.147,kt,1725702873243197,6901
118.235.3.36,70,48.319,kt,1725702873269952,15018
118.235.3.36,71,57.651,kt,1725702873312899,7102
118.235.3.36,72,43.581,kt,1725702873332439,1440
118.235.3.36,73,60.501,kt,1725702873382925,7196
118.235.3.36,74,64.355,kt,1725702873420350,2391
118.235.3.36,75,61.398,kt,1725702873451011,7698
118.235.3.36,76,43.946,kt,1725702873467140,2017
118.235.3.36,77,55.947,kt,1725702873512749,6200
118.235.3.36,78,41.733,kt,1725702873532115,2203
118.235.3.36,79,58.638,kt,1725702873582577,4968
118.235.3.36,80,57.906,kt,1725702873615485,10661
118.235.3.36,81,61.653,kt,1725702873652830,6909
118.235.3.36,82,57.11,kt,1725702873681894,1812
118.235.3.36,83,62.529,kt,1725702873720908,6588
118.235.3.36,84,60.095,kt,1725702873752077,3750
118.235.3.36,85,42.217,kt,1725702873767792,6818
118.235.3.36,86,53.597,kt,1725702873812763,4723
118.235.3.36,87,60.547,kt,1725702873853344,9332
118.235.3.36,88,56.183,kt,1725702873882564,4555
118.235.3.36,89,53.252,kt,1725702873913264,7354
118.235.3.36,90,62.396,kt,1725702873955967,17679
118.235.3.36,91,55.891,kt,1725702873983058,8102
118.235.3.36,92,61.133,kt,1725702874021898,3982
118.235.3.36,93,58.2,kt,1725702874052655,4493
118.235.3.36,94,54.277,kt,1725702874082226,3849
118.235.3.36,95,51.336,kt,1725702874112913,7569
118.235.3.36,96,56.811,kt,1725702874151983,3398
118.235.3.36,97,64.881,kt,1725702874193661,12198
118.235.3.36,98,47.676,kt,1725702874210024,3854
118.235.3.36,99,57.958,kt,1725702874253901,8183
118.235.3.36,100,53.754,kt,1725702874283298,10488
118.235.3.36,101,60.331,kt,1725702874323462,11345
118.235.3.36,102,55.821,kt,1725702874352579,4026
118.235.3.36,103,52.636,kt,1725702874382958,8386
118.235.3.36,104,43.184,kt,1725702874407108,2367
118.235.3.36,105,56.274,kt,1725702874453795,9571
118.235.3.36,106,50.825,kt,1725702874481940,3204
118.235.3.36,107,58.991,kt,1725702874523713,10044
118.235.3.36,108,53.767,kt,1725702874552089,4320
118.235.3.36,109,68.935,kt,1725702874600857,7812
118.235.3.36,110,66.577,kt,1725702874632079,15690
118.235.3.36,111,53.527,kt,1725702874652706,7862
118.235.3.36,112,49.607,kt,1725702874682330,2268
118.235.3.36,113,56.538,kt,1725702874722846,6169
118.235.3.36,114,52.036,kt,1725702874751936,1645
118.235.3.36,115,59.737,kt,1725702874793290,6922
118.235.3.36,116,54.917,kt,1725702874822018,3233
118.235.3.36,117,62.809,kt,1725702874863533,12567
118.235.3.36,118,57.721,kt,1725702874892025,1957
118.235.3.36,119,50.995,kt,1725702874918890,12107
118.235.3.36,120,50.594,kt,1725702874952088,29553
118.235.3.36,121,57.831,kt,1725702874992915,5524
118.235.3.36,122,38.044,kt,1725702875006737,593
118.235.3.36,123,69.071,kt,1725702875071372,10714
118.235.3.36,124,47.045,kt,1725702875082933,975
118.235.3.36,125,54.062,kt,1725702875123524,10565
118.235.3.36,126,49.097,kt,1725702875152163,789
118.235.3.36,127,64.099,kt,1725702875200782,7690
118.235.3.36,0,59.028,kt,1725702928893827,7022
118.235.3.36,1,53.752,kt,1725702928922154,3402
118.235.3.36,2,49.967,kt,1725702928951940,1598
118.235.3.36,3,57.448,kt,1725702928993023,4868
118.235.3.36,4,52.661,kt,1725702929021847,1602
118.235.3.36,5,60.167,kt,1725702929062926,7468
118.235.3.36,6,55.531,kt,1725702929091898,1945
118.235.3.36,7,49.088,kt,1725702929119050,10333
118.235.3.36,8,67.619,kt,1725702929171122,5853
118.235.3.36,9,68.319,kt,1725702929205489,11950
118.235.3.36,10,44.162,kt,1725702929214922,15251
118.235.3.36,11,59.388,kt,1725702929263761,11819
118.235.3.36,12,54.695,kt,1725702929292675,5975
118.235.3.36,13,52.11,kt,1725702929323666,11309
118.235.3.36,14,57.551,kt,1725702929362691,7441
118.235.3.36,15,55.104,kt,1725702929393859,10250
118.235.3.36,16,60.45,kt,1725702929432798,5064
118.235.3.36,17,58.065,kt,1725702929464009,11645
118.235.3.36,18,48.373,kt,1725702929487917,4768
118.235.3.36,19,60.508,kt,1725702929533661,10163
118.235.3.36,20,59.112,kt,1725702929565854,23414
118.235.3.36,21,60.646,kt,1725702929601019,6576
118.235.3.36,22,57.969,kt,1725702929631899,2645
118.235.3.36,23,55.468,kt,1725702929662977,8725
118.235.3.36,24,50.806,kt,1725702929691933,2013
118.235.3.36,25,58.236,kt,1725702929732959,7058
118.235.3.36,26,53.729,kt,1725702929762066,2040
118.235.3.36,27,60.922,kt,1725702929802857,7424
118.235.3.36,28,56.567,kt,1725702929832100,2718
118.235.3.36,29,49.083,kt,1725702929858205,6482
118.235.3.36,30,62.437,kt,1725702929905155,19023
118.235.3.36,31,56.553,kt,1725702929932874,7504
118.235.3.36,32,52.291,kt,1725702929962199,2392
118.235.3.36,33,59.594,kt,1725702930003111,7897
118.235.3.36,34,54.879,kt,1725702930032008,3721
118.235.3.36,35,52.274,kt,1725702930062974,7062
118.235.3.36,36,57.942,kt,1725702930102243,3756
118.235.3.36,37,55.199,kt,1725702930133109,6217
118.235.3.36,38,50.648,kt,1725702930162134,2611
118.235.3.36,39,65.753,kt,1725702930210864,7074
118.235.3.36,40,56.558,kt,1725702930235256,14672
118.235.3.36,41,60.59,kt,1725702930272895,7187
118.235.3.36,42,56.089,kt,1725702930301984,2587
118.235.3.36,43,63.305,kt,1725702930342789,6568
118.235.3.36,44,59.272,kt,1725702930372369,2419
118.235.3.36,45,56.071,kt,1725702930402762,7756
118.235.3.36,46,51.957,kt,1725702930432243,2648
118.235.3.36,47,59.005,kt,1725702930472886,7670
118.235.3.36,48,54.468,kt,1725702930501927,2637
118.235.3.36,49,62.2,kt,1725702930543301,9224
118.235.3.36,50,62.594,kt,1725702930577269,19607
118.235.3.36,51,54.593,kt,1725702930602874,7950
118.235.3.36,52,50.508,kt,1725702930632377,3766
118.235.3.36,53,57.303,kt,1725702930672748,7535
118.235.3.36,54,61.092,kt,1725702930710129,2985
118.235.3.36,55,60.895,kt,1725702930743542,9411
118.235.3.36,56,55.823,kt,1725702930772050,3181
118.235.3.36,57,53.033,kt,1725702930802871,6412
118.235.3.36,58,58.744,kt,1725702930842212,2668
118.235.3.36,59,55.863,kt,1725702930872928,5838
118.235.3.36,60,54.173,kt,1725702930904849,11690
118.235.3.36,61,58.515,kt,1725702930942782,7277
118.235.3.36,62,54.43,kt,1725702930972298,2267
118.235.3.36,63,51.462,kt,1725702931002894,7705
118.235.3.36,64,56.854,kt,1725702931041951,2280
118.235.3.36,65,54.247,kt,1725702931072921,6620
118.235.3.36,66,50.148,kt,1725702931102425,2817
118.235.3.36,67,56.972,kt,1725702931142836,8062
118.235.3.36,68,52.672,kt,1725702931172157,2097
118.235.3.36,69,67.72,kt,1725702931220782,6337
118.235.3.36,70,59.534,kt,1725702931246110,12650
118.235.3.36,71,62.772,kt,1725702931282976,6881
118.235.3.36,72,58.256,kt,1725702931312076,2991
118.235.3.36,73,56.232,kt,1725702931343659,8152
118.235.3.36,74,51.164,kt,1725702931372171,2730
118.235.3.36,75,58.161,kt,1725702931412815,7590
118.235.3.36,76,54.052,kt,1725702931442306,3150
118.235.3.36,77,59.123,kt,1725702931480956,7173
118.235.3.36,78,41.971,kt,1725702931497349,3346
118.235.3.36,79,54.168,kt,1725702931543116,7800
118.235.3.36,80,71.392,kt,1725702931593981,13008
118.235.3.36,81,38.968,kt,1725702931595157,5937
118.235.3.36,82,52.31,kt,1725702931642107,2125
118.235.3.36,83,59.255,kt,1725702931682646,6960
118.235.3.36,84,54.849,kt,1725702931711862,1967
118.235.3.36,85,52.618,kt,1725702931743199,7379
118.235.3.36,86,57.941,kt,1725702931782102,3015
118.235.3.36,87,63.771,kt,1725702931821560,9857
118.235.3.36,88,60.854,kt,1725702931852250,2772
118.235.3.36,89,49.299,kt,1725702931874274,9449
118.235.3.36,90,55.874,kt,1725702931914438,13160
118.235.3.36,91,60.689,kt,1725702931952867,7942
118.235.3.36,92,56.769,kt,1725702931982530,4930
118.235.3.36,93,56.05,kt,1725702932015407,9035
118.235.3.36,94,59.543,kt,1725702932052418,4296
118.235.3.36,95,57.293,kt,1725702932083859,8970
118.235.3.36,96,52.133,kt,1725702932112293,3745
118.235.3.36,97,59.237,kt,1725702932152942,7591
118.235.3.36,98,54.664,kt,1725702932182015,3418
118.235.3.36,99,47.23,kt,1725702932208163,5851
118.235.3.36,100,60.638,kt,1725702932255241,14263
118.235.3.36,101,54.993,kt,1725702932283140,7316
118.235.3.36,102,68.55,kt,1725702932330299,2942
118.235.3.36,103,57.551,kt,1725702932352886,7815
118.235.3.36,104,53.018,kt,1725702932381945,2173
118.235.3.36,105,60.22,kt,1725702932422750,7591
118.235.3.36,106,64.018,kt,1725702932460145,1446
118.235.3.36,107,43.609,kt,1725702932473337,7742
118.235.3.36,108,59.01,kt,1725702932522324,2910
118.235.3.36,109,55.986,kt,1725702932552908,8788
118.235.3.36,110,54.363,kt,1725702932584858,19404
118.235.3.36,111,66.797,kt,1725702932630926,7885
118.235.3.36,112,59.249,kt,1725702932656979,1569
118.235.3.36,113,61.666,kt,1725702932692933,8729
118.235.3.36,114,47.487,kt,1725702932712397,1433
118.235.3.36,115,63.538,kt,1725702932761992,9026
118.235.3.36,116,60.221,kt,1725702932792322,4136
118.235.3.36,117,42.824,kt,1725702932808527,9057
118.235.3.36,118,52.632,kt,1725702932851932,2996
118.235.3.36,119,60.183,kt,1725702932893071,7712
118.235.3.36,120,58.022,kt,1725702932924528,14536
118.235.3.36,121,52.833,kt,1725702932952924,6851
118.235.3.36,122,58.521,kt,1725702932992194,2067
118.235.3.36,123,51.086,kt,1725702933018366,8185
118.235.3.36,124,41.224,kt,1725702933042135,1395
118.235.3.36,125,58.263,kt,1725702933093086,6413
118.235.3.36,126,53.982,kt,1725702933122058,1671
118.235.3.36,127,61.185,kt,1725702933162840,7393
118.235.3.36,128,56.812,kt,1725702933192076,2075
118.235.3.36,129,55.163,kt,1725702933224031,5830
118.235.3.36,130,52.543,kt,1725702933254991,13437
118.235.3.36,131,56.647,kt,1725702933292711,5953
118.235.3.36,132,42.263,kt,1725702933311928,2061
118.235.3.36,133,59.65,kt,1725702933362861,7199
118.235.3.36,134,55.147,kt,1725702933392002,1750
118.235.3.36,135,42.662,kt,1725702933413084,6797
118.235.3.36,136,57.861,kt,1725702933461908,2417
118.235.3.36,137,40.734,kt,1725702933478395,7065
118.235.3.36,138,50.796,kt,1725702933522026,2341
118.235.3.36,139,57.847,kt,1725702933562730,7827
118.235.3.36,140,63.628,kt,1725702933602081,13467
118.235.3.36,141,56.03,kt,1725702933628063,7381
118.235.3.36,142,56.345,kt,1725702933661978,2487
118.235.3.36,143,53.433,kt,1725702933692661,7872
118.235.3.36,144,59.204,kt,1725702933732053,3568
118.235.3.36,145,56.454,kt,1725702933762888,7260
118.235.3.36,146,42.893,kt,1725702933782905,4576
118.235.3.36,147,59.481,kt,1725702933833086,8806
118.235.3.36,148,55.088,kt,1725702933862312,4250
118.235.3.36,149,42.523,kt,1725702933883352,5817
118.235.3.36,150,60.056,kt,1725702933934466,13091
118.235.3.36,151,54.568,kt,1725702933962598,6087
118.235.3.36,152,45.56,kt,1725702933987160,2326
118.235.3.36,153,57.568,kt,1725702934032782,6590
118.235.3.36,154,53.215,kt,1725702934062035,1875
118.235.3.36,155,45.814,kt,1725702934088234,8065
118.235.3.36,156,56.085,kt,1725702934132069,2874
118.235.3.36,157,44.214,kt,1725702934153795,8621
118.235.3.36,158,43.799,kt,1725702934186991,2549
118.235.3.36,159,56.851,kt,1725702934233633,9629
118.235.3.36,160,50.289,kt,1725702934260691,17509
118.235.3.36,161,58.836,kt,1725702934302832,6780
118.235.3.36,162,54.734,kt,1725702934332324,1851
118.235.3.36,163,51.822,kt,1725702934362957,8222
118.235.3.36,164,57.262,kt,1725702934402055,2086
118.235.3.36,165,50.67,kt,1725702934429052,9978
118.235.3.36,166,49.948,kt,1725702934461906,1741
118.235.3.36,167,58.099,kt,1725702934503668,11029
118.235.3.36,168,43.112,kt,1725702934522291,3414
118.235.3.36,169,60.629,kt,1725702934573442,9594
118.235.3.36,170,57.99,kt,1725702934604397,15364
118.235.3.36,171,52.754,kt,1725702934632740,6259
118.235.3.36,172,58.778,kt,1725702934672348,2651
118.235.3.36,173,55.563,kt,1725702934702730,5708
118.235.3.36,174,51.191,kt,1725702934731967,1798
118.235.3.36,175,58.411,kt,1725702934772768,8183
118.235.3.36,176,54.208,kt,1725702934802168,2237
118.235.3.36,177,62.179,kt,1725702934843735,7780
118.235.3.36,178,46.973,kt,1725702934862113,3138
118.235.3.36,179,54.175,kt,1725702934902967,5806
118.235.3.36,180,51.25,kt,1725702934933590,12744
118.235.3.36,181,57.081,kt,1725702934973004,8840
118.235.3.36,182,52.731,kt,1725702935002319,2437
118.235.3.36,183,59.717,kt,1725702935042849,6649
118.235.3.36,184,55.291,kt,1725702935072037,2488
118.235.3.36,185,52.424,kt,1725702935102752,6666
118.235.3.36,186,58.255,kt,1725702935142170,2074
118.235.3.36,187,55.313,kt,1725702935172899,7130
118.235.3.36,188,40.807,kt,1725702935191954,1898
118.235.3.36,189,57.902,kt,1725702935242634,6094
118.235.3.36,190,56.619,kt,1725702935274951,13568
118.235.3.36,191,60.598,kt,1725702935312539,6613
118.235.3.36,192,56.477,kt,1725702935342011,1874
118.235.3.36,193,55.433,kt,1725702935374558,9506
118.235.3.36,194,49.189,kt,1725702935401908,2296
118.235.3.36,195,56.546,kt,1725702935442894,8922
118.235.3.36,196,52.344,kt,1725702935472264,2098
118.235.3.36,197,60.952,kt,1725702935514467,10025
118.235.3.36,198,55.336,kt,1725702935542431,2890
118.235.3.36,199,62.653,kt,1725702935583388,7882
118.235.3.36,200,59.263,kt,1725702935613540,12617
118.235.3.36,201,55.71,kt,1725702935643621,12393
118.235.3.36,202,41.139,kt,1725702935662635,4264
118.235.3.36,203,57.701,kt,1725702935712790,8198
118.235.3.36,204,48.397,kt,1725702935737103,3157
118.235.3.36,205,61.374,kt,1725702935783649,9031
118.235.3.36,206,56.581,kt,1725702935812441,3689
118.235.3.36,207,48.537,kt,1725702935838025,7422
118.235.3.36,208,59.991,kt,1725702935883079,6239
118.235.3.36,209,57.786,kt,1725702935914471,9270
118.235.3.36,210,56.144,kt,1725702935946408,21233
118.235.3.36,211,58.852,kt,1725702935982723,7163
118.235.3.36,212,54.541,kt,1725702936012005,2738
118.235.3.36,213,61.738,kt,1725702936052807,8053
118.235.3.36,214,57.404,kt,1725702936082106,3473
118.235.3.36,215,54.514,kt,1725702936112799,8018
118.235.3.36,216,60.345,kt,1725702936152204,4235
118.235.3.36,217,56.99,kt,1725702936182458,7511
118.235.3.36,218,53.609,kt,1725702936212658,5184
118.235.3.36,219,60.131,kt,1725702936252857,7146
118.235.3.36,220,61.076,kt,1725702936287324,15919
118.235.3.36,221,48.114,kt,1725702936307984,7025
118.235.3.36,222,58.497,kt,1725702936351969,3263
118.235.3.36,223,57.093,kt,1725702936384125,9223
118.235.3.36,224,70.278,kt,1725702936430923,2997
118.235.3.36,225,58.479,kt,1725702936452724,7886
118.235.3.36,226,54.174,kt,1725702936481999,2343
118.235.3.36,227,46.89,kt,1725702936508335,7648
118.235.3.36,228,56.918,kt,1725702936551957,1898
118.235.3.36,229,54.221,kt,1725702936582865,5639
118.235.3.36,230,48.274,kt,1725702936610489,15221
118.235.3.36,231,56.994,kt,1725702936652823,7478
118.235.3.36,232,42.605,kt,1725702936672052,2056
118.235.3.36,233,59.821,kt,1725702936722845,7167
118.235.3.36,234,55.235,kt,1725702936751870,2028
118.235.3.36,235,52.383,kt,1725702936782605,6355
118.235.3.36,236,48.066,kt,1725702936811868,1408
118.235.3.36,237,55.297,kt,1725702936852716,6448
118.235.3.36,238,41.208,kt,1725702936872211,2572
118.235.3.36,239,57.99,kt,1725702936922605,6327
118.235.3.36,240,55.965,kt,1725702936954164,15449
118.235.3.36,241,51.338,kt,1725702936983150,6876
118.235.3.36,242,56.537,kt,1725702937021919,3722
118.235.3.36,243,53.646,kt,1725702937052641,7548
118.235.3.36,244,49.516,kt,1725702937082154,2680
118.235.3.36,245,56.594,kt,1725702937122775,6771
118.235.3.36,246,52.157,kt,1725702937151933,4013
118.235.3.36,247,59.508,kt,1725702937192830,8598
118.235.3.36,248,54.97,kt,1725702937221942,2657
118.235.3.36,249,47.417,kt,1725702937247969,7101
118.235.3.36,250,60.901,kt,1725702937295016,18142
118.235.3.36,251,54.908,kt,1725702937322674,7044
118.235.3.36,252,58.579,kt,1725702937359942,2838
118.235.3.36,253,65.66,kt,1725702937400633,7526
118.235.3.36,254,55.208,kt,1725702937423797,1562
118.235.3.36,255,51.221,kt,1725702937453405,8313
118.235.3.36,256,64.181,kt,1725702937499949,2601
118.235.3.36,257,54.362,kt,1725702937523726,7934
118.235.3.36,258,59.282,kt,1725702937562200,2393
118.235.3.36,259,56.23,kt,1725702937592818,5558
118.235.3.36,260,53.731,kt,1725702937623885,12862
118.235.3.36,261,38.949,kt,1725702937642702,4470
118.235.3.36,262,62.468,kt,1725702937699771,1910
118.235.3.36,263,47.155,kt,1725702937718101,7108
118.235.3.36,264,42.339,kt,1725702937746894,1696
118.235.3.36,265,54.507,kt,1725702937792687,6942
118.235.3.36,266,40.178,kt,1725702937811905,2284
118.235.3.36,267,57.473,kt,1725702937862800,7668
118.235.3.36,268,60.909,kt,1725702937899843,2508
118.235.3.36,269,45.67,kt,1725702937918201,6233
118.235.3.36,270,57.416,kt,1725702937963545,10847
118.235.3.36,271,53.106,kt,1725702937992822,7036
118.235.3.36,272,43.921,kt,1725702938017249,2871
118.235.3.36,273,55.892,kt,1725702938062810,8183
118.235.3.36,274,46.584,kt,1725702938087114,3046
118.235.3.36,275,59.934,kt,1725702938134069,8969
118.235.3.36,276,54.425,kt,1725702938162096,3209
118.235.3.36,277,46.698,kt,1725702938188006,7516
118.235.3.36,278,57.31,kt,1725702938232213,2967
118.235.3.36,279,54.327,kt,1725702938262824,6639
118.235.3.36,280,51.936,kt,1725702938294036,13720
118.235.3.36,281,57.029,kt,1725702938332745,6969
118.235.3.36,282,52.661,kt,1725702938361963,3137
118.235.3.36,283,59.823,kt,1725702938402722,6647
118.235.3.36,284,55.783,kt,1725702938432327,4191
118.235.3.36,285,48.157,kt,1725702938458278,7246
118.235.3.36,286,58.319,kt,1725702938502018,3261
118.235.3.36,287,55.427,kt,1725702938532733,6197
118.235.3.36,288,58.981,kt,1725702938569869,3892
118.235.3.36,289,59.233,kt,1725702938603740,7981
118.235.3.36,290,55.443,kt,1725702938633574,13062
118.235.3.36,291,61.042,kt,1725702938672748,7235
118.235.3.36,292,56.685,kt,1725702938702012,2182
118.235.3.36,293,53.979,kt,1725702938732887,7212
118.235.3.36,294,60.178,kt,1725702938772628,3022
118.235.3.36,295,41.926,kt,1725702938788024,8119
118.235.3.36,296,52.208,kt,1725702938831915,2433
118.235.3.36,297,60.808,kt,1725702938874111,9673
118.235.3.36,298,63.075,kt,1725702938909917,2417
118.235.3.36,299,62.092,kt,1725702938942550,7963
118.235.3.36,300,60.141,kt,1725702938974240,10123
118.235.3.36,301,55.215,kt,1725702939002885,7356
118.235.3.36,302,50.878,kt,1725702939032144,3310
118.235.3.36,303,58.197,kt,1725702939073036,8221
118.235.3.36,304,53.751,kt,1725702939102193,2842
118.235.3.36,305,50.592,kt,1725702939132640,6314
118.235.3.36,306,56.404,kt,1725702939172070,2226
118.235.3.36,307,61.533,kt,1725702939210776,7391
118.235.3.36,308,48.962,kt,1725702939231783,1841
118.235.3.36,309,56.301,kt,1725702939272759,6405
118.235.3.36,310,62.376,kt,1725702939312449,12990
118.235.3.36,311,58.745,kt,1725702939342419,4722
118.235.3.36,312,39.456,kt,1725702939356718,1249
118.235.3.36,313,51.785,kt,1725702939402642,6626
118.235.3.36,314,65.287,kt,1725702939449758,1711
118.235.3.36,315,68.685,kt,1725702939486731,5853
118.235.3.36,316,46.256,kt,1725702939497915,1978
118.235.3.36,317,57.242,kt,1725702939542437,7445
118.235.3.36,318,52.945,kt,1725702939571795,1679
118.235.3.36,319,68.111,kt,1725702939620574,6734
118.235.3.36,320,53.148,kt,1725702939639196,14495
118.235.3.36,321,53.371,kt,1725702939672967,8533
118.235.3.36,322,48.625,kt,1725702939701809,2052
118.235.3.36,323,56.064,kt,1725702939742845,8153
118.235.3.36,324,51.538,kt,1725702939771966,2840
118.235.3.36,325,59.95,kt,1725702939813934,9467
118.235.3.36,326,54.266,kt,1725702939841849,3004
118.235.3.36,327,61.467,kt,1725702939882648,8367
118.235.3.36,328,65.108,kt,1725702939919891,3108
118.235.3.36,329,55.322,kt,1725702939943698,6869
118.235.3.36,330,62.258,kt,1725702939984240,14223
118.235.3.36,331,57.008,kt,1725702940012574,5943
118.235.3.36,332,53.303,kt,1725702940042475,5084
118.235.3.36,333,50.035,kt,1725702940072836,6882
118.235.3.36,334,55.572,kt,1725702940112002,3830
118.235.3.36,335,48.007,kt,1725702940138016,6474
118.235.3.36,336,58.44,kt,1725702940182044,2709
118.235.3.36,337,50.953,kt,1725702940208146,6416
118.235.3.36,338,51.238,kt,1725702940241981,2966
118.235.3.36,339,66.271,kt,1725702940290615,8153
118.235.3.36,340,58.895,kt,1725702940316842,14831
118.235.3.36,341,61.199,kt,1725702940352773,7263
118.235.3.36,342,56.732,kt,1725702940381877,2009
118.235.3.36,343,54.61,kt,1725702940413353,9804
118.235.3.36,344,44.595,kt,1725702940436937,2073
118.235.3.36,345,57.535,kt,1725702940483476,10335
118.235.3.36,346,52.168,kt,1725702940511722,1573
118.235.3.36,347,39.669,kt,1725702940532810,7409
118.235.3.36,348,55.656,kt,1725702940582389,2846
118.235.3.36,349,42.381,kt,1725702940602737,6166
118.235.3.36,350,59.476,kt,1725702940653412,9353
118.235.3.36,351,55.402,kt,1725702940682927,7185
118.235.3.36,352,50.787,kt,1725702940711926,2398
118.235.3.36,353,58.239,kt,1725702940752914,8538
118.235.3.36,354,53.624,kt,1725702940781932,2648
118.235.3.36,355,60.755,kt,1725702940822674,8261
118.235.3.36,356,56.265,kt,1725702940851784,1798
118.235.3.36,357,49.185,kt,1725702940878304,5127
118.235.3.36,358,44.597,kt,1725702940907321,2085
118.235.3.36,359,56.516,kt,1725702940952827,5863
118.235.3.36,360,50.242,kt,1725702940980152,14060
118.235.3.36,361,59.164,kt,1725702941022676,7677
118.235.3.36,362,62.961,kt,1725702941060005,1535
118.235.3.36,363,57.172,kt,1725702941087871,7243
118.235.3.36,364,43.105,kt,1725702941107412,1754
118.235.3.36,365,54.985,kt,1725702941152917,7765
118.235.3.36,366,45.487,kt,1725702941176982,2003
118.235.3.36,367,57.377,kt,1725702941222468,7865
118.235.3.36,368,53.309,kt,1725702941251958,1946
118.235.3.36,369,60.414,kt,1725702941292695,6426
118.235.3.36,370,66.034,kt,1725702941331912,15087
118.235.3.36,371,57.074,kt,1725702941356557,6109
118.235.3.36,372,58.94,kt,1725702941392074,1774
118.235.3.36,373,56.332,kt,1725702941422995,7062
118.235.3.36,374,41.868,kt,1725702941442137,2307
118.235.3.36,375,66.957,kt,1725702941500834,7576
118.235.3.36,376,48.647,kt,1725702941516100,2701
118.235.3.36,377,62.271,kt,1725702941563346,9448
118.235.3.36,378,57.698,kt,1725702941592364,2795
118.235.3.36,379,54.557,kt,1725702941622829,8305
118.235.3.36,380,62.628,kt,1725702941664478,15736
118.235.3.36,381,57.23,kt,1725702941692748,6968
118.235.3.36,382,52.952,kt,1725702941721998,2360
118.235.3.36,383,45.243,kt,1725702941747884,7872
118.235.3.36,384,55.869,kt,1725702941792115,3106
118.235.3.36,385,53.714,kt,1725702941823556,9163
118.235.3.36,386,58.569,kt,1725702941862032,4069
118.235.3.36,387,56.113,kt,1725702941893109,8179
118.235.3.36,388,51.594,kt,1725702941922249,3130
118.235.3.36,389,58.414,kt,1725702941962646,7411
118.235.3.36,390,56.192,kt,1725702941994048,14334
118.235.3.36,391,46.619,kt,1725702942018049,7451
118.235.3.36,392,57.115,kt,1725702942062154,3263
118.235.3.36,393,49.508,kt,1725702942088151,8171
118.235.3.36,394,49.936,kt,1725702942122186,4039
118.235.3.36,395,64.913,kt,1725702942170739,7767
118.235.3.36,396,60.634,kt,1725702942200051,4062
118.235.3.36,397,59.653,kt,1725702942232668,8111
118.235.3.36,398,56.126,kt,1725702942262652,4897
118.235.3.36,399,47.828,kt,1725702942288082,8473
118.235.3.36,400,61.255,kt,1725702942335100,17819
118.235.3.36,401,55.356,kt,1725702942362787,6783
118.235.3.36,402,41.355,kt,1725702942382390,2753
118.235.3.36,403,58.132,kt,1725702942432772,7358
118.235.3.36,404,53.835,kt,1725702942462033,3442
118.235.3.36,405,60.89,kt,1725702942502687,7480
118.235.3.36,406,56.675,kt,1725702942532059,2061
118.235.3.36,407,53.804,kt,1725702942562775,7769
118.235.3.36,408,59.605,kt,1725702942602195,1895
118.235.3.36,409,56.609,kt,1725702942632813,6798
118.235.3.36,410,53.864,kt,1725702942663649,13287
118.235.3.36,411,59.508,kt,1725702942702832,6671
118.235.3.36,412,55.129,kt,1725702942732090,2500
118.235.3.36,413,47.433,kt,1725702942757991,5730
118.235.3.36,414,58.035,kt,1725702942802227,2809
118.235.3.36,415,55.02,kt,1725702942832795,7235
118.235.3.36,416,60.77,kt,1725702942872128,3748
118.235.3.36,417,65.504,kt,1725702942910449,6121
118.235.3.36,418,53.547,kt,1725702942932094,2290
118.235.3.36,419,60.622,kt,1725702942972786,4841
118.235.3.36,420,65.792,kt,1725702943011550,11189
118.235.3.36,421,61.118,kt,1725702943040468,6119
118.235.3.36,422,49.194,kt,1725702943062104,2528
118.235.3.36,423,65.11,kt,1725702943111660,11387
118.235.3.36,424,52.041,kt,1725702943132210,2398
118.235.3.36,425,76.663,kt,1725702943190409,8546
118.235.3.36,426,54.653,kt,1725702943202016,2455
118.235.3.36,427,47.229,kt,1725702943228131,6722
118.235.3.36,428,57.688,kt,1725702943272224,3167
118.235.3.36,429,62.564,kt,1725702943310696,6023
118.235.3.36,430,51.839,kt,1725702943333559,9672
118.235.3.36,431,65.537,kt,1725702943380855,7034
118.235.3.36,432,53.114,kt,1725702943402003,2304
118.235.3.36,433,60.085,kt,1725702943442627,6119
118.235.3.36,434,55.981,kt,1725702943472104,1707
118.235.3.36,435,48.411,kt,1725702943498153,7833
118.235.3.36,436,43.442,kt,1725702943526783,2019
118.235.3.36,437,55.836,kt,1725702943572743,7907
118.235.3.36,438,41.65,kt,1725702943592163,1800
118.235.3.36,439,58.405,kt,1725702943642524,7427
118.235.3.36,440,57.47,kt,1725702943675189,15529
118.235.3.36,441,51.155,kt,1725702943702478,4782
118.235.3.36,442,57.056,kt,1725702943741991,1495
118.235.3.36,443,49.765,kt,1725702943768278,8998
118.235.3.36,444,44.988,kt,1725702943797035,2179
118.235.3.36,445,56.994,kt,1725702943842688,8259
118.235.3.36,446,63.502,kt,1725702943882782,4462
118.235.3.36,447,66.416,kt,1725702943923319,7320
118.235.3.36,448,65.878,kt,1725702943952363,4230
118.235.3.36,449,62.595,kt,1725702943982697,5785
118.235.3.36,450,60.131,kt,1725702944013754,11716
118.235.3.36,451,55.296,kt,1725702944042643,4632
118.235.3.36,452,51.122,kt,1725702944072056,2616
118.235.3.36,453,58.246,kt,1725702944112703,8492
118.235.3.36,454,54.007,kt,1725702944142105,2720
118.235.3.36,455,51.321,kt,1725702944173034,5340
118.235.3.36,456,64.902,kt,1725702944220221,1634
118.235.3.36,457,54.308,kt,1725702944243186,7037
118.235.3.36,458,59.592,kt,1725702944282058,2072
118.235.3.36,459,56.73,kt,1725702944312820,6916
118.235.3.36,460,54.7,kt,1725702944344368,14697
118.235.3.36,461,59.258,kt,1725702944382555,4835
118.235.3.36,462,40.169,kt,1725702944397068,2084
118.235.3.36,463,52.316,kt,1725702944442807,8200
118.235.3.36,464,57.852,kt,1725702944481944,2040
118.235.3.36,465,54.978,kt,1725702944512671,6419
118.235.3.36,466,50.962,kt,1725702944542200,2775
118.235.3.36,467,58.001,kt,1725702944582866,6952
118.235.3.36,468,54.031,kt,1725702944612467,2467
118.235.3.36,469,50.783,kt,1725702944642826,6314
118.235.3.36,470,58.226,kt,1725702944683860,11521
118.235.3.36,471,53.469,kt,1725702944712688,7493
118.235.3.36,472,59.775,kt,1725702944752604,4574
118.235.3.36,473,56.401,kt,1725702944782825,6322
118.235.3.36,474,52.062,kt,1725702944812084,2150
118.235.3.36,475,59.032,kt,1725702944852660,8242
118.235.3.36,476,55.016,kt,1725702944882229,3031
118.235.3.36,477,47.121,kt,1725702944907993,6687
118.235.3.36,478,58.643,kt,1725702944953107,2952
118.235.3.36,479,54.943,kt,1725702944983010,8012
118.235.3.36,480,53.107,kt,1725702945014749,14535
118.235.3.36,481,57.5,kt,1725702945052739,6052
118.235.3.36,482,53.261,kt,1725702945082124,2129
118.235.3.36,483,60.336,kt,1725702945122776,8027
118.235.3.36,484,56.087,kt,1725702945152102,1953
118.235.3.36,485,53.454,kt,1725702945183103,8050
118.235.3.36,486,44.057,kt,1725702945207245,1955
118.235.3.36,487,55.953,kt,1725702945252751,8410
118.235.3.36,488,41.838,kt,1725702945272230,2231
118.235.3.36,489,58.653,kt,1725702945322635,6549
118.235.3.36,490,57.372,kt,1725702945354960,18162
118.235.3.36,491,69.692,kt,1725702945400897,5838
118.235.3.36,492,58.921,kt,1725702945423710,1901
118.235.3.36,493,54.45,kt,1725702945452790,8464
118.235.3.36,494,49.919,kt,1725702945481894,3329
118.235.3.36,495,57.677,kt,1725702945523267,9521
118.235.3.36,496,52.567,kt,1725702945551789,3619
118.235.3.36,497,60.003,kt,1725702945592819,8457
118.235.3.36,498,55.859,kt,1725702945622203,3973
118.235.3.36,499,62.673,kt,1725702945662688,6963
118.235.3.36,500,60.73,kt,1725702945694364,14381
118.235.3.36,501,55.593,kt,1725702945722795,5222
118.235.3.36,502,40.931,kt,1725702945741728,1585
118.235.3.36,503,58.172,kt,1725702945792561,6787
118.235.3.36,504,54.927,kt,1725702945822929,2298
118.235.3.36,505,62.07,kt,1725702945863666,6151
118.235.3.36,506,57.183,kt,1725702945892329,2811
118.235.3.36,507,53.946,kt,1725702945922702,7096
118.235.3.36,508,62.778,kt,1725702945965107,1993
118.235.3.36,509,42.002,kt,1725702945977939,7624
118.235.3.36,510,50.027,kt,1725702946019556,14088
118.235.3.36,511,59.447,kt,1725702946062588,6711
118.235.3.36,512,55.346,kt,1725702946092091,2636
118.235.3.36,513,52.269,kt,1725702946122665,8854
118.235.3.36,514,57.742,kt,1725702946161736,3171
118.235.3.36,515,55.622,kt,1725702946193186,9043
118.235.3.36,516,50.691,kt,1725702946221857,2477
118.235.3.36,517,58.591,kt,1725702946263345,9177
118.235.3.36,518,53.601,kt,1725702946291968,2261
118.235.3.36,519,60.565,kt,1725702946332515,8082
118.235.3.36,520,58.661,kt,1725702946364206,16300
118.235.3.36,521,61.869,kt,1725702946401022,7644
118.235.3.36,522,44.418,kt,1725702946417223,2008
118.235.3.36,523,56.379,kt,1725702946462697,7272
118.235.3.36,524,51.887,kt,1725702946491841,1942
118.235.3.36,525,59.085,kt,1725702946532640,6159
118.235.3.36,526,55.022,kt,1725702946562160,2624
118.235.3.36,527,62.231,kt,1725702946602991,7915
118.235.3.36,528,57.536,kt,1725702946631880,1693
118.235.3.36,529,50.51,kt,1725702946658400,7459
118.235.3.36,530,48.097,kt,1725702946689580,15610
118.235.3.36,531,57.63,kt,1725702946732773,5586
118.235.3.36,532,53.481,kt,1725702946762226,1485
118.235.3.36,533,45.821,kt,1725702946788151,8149
118.235.3.36,534,55.989,kt,1725702946831909,2456
118.235.3.36,535,54.656,kt,1725702946864202,8436
118.235.3.36,536,58.52,kt,1725702946901650,1733
118.235.3.36,537,56.644,kt,1725702946933347,8903
118.235.3.36,538,52.007,kt,1725702946962284,2922
118.235.3.36,539,59.04,kt,1725702947002926,8446
118.235.3.36,540,57.142,kt,1725702947034603,17612
118.235.3.36,541,41.907,kt,1725702947052997,5635
118.235.3.36,542,58.191,kt,1725702947102859,1749
118.235.3.36,543,54.431,kt,1725702947132677,6151
118.235.3.36,544,45.309,kt,1725702947157183,1745
118.235.3.36,545,57.811,kt,1725702947203279,9184
118.235.3.36,546,53.096,kt,1725702947232160,2219
118.235.3.36,547,60.669,kt,1725702947273322,10736
118.235.3.36,548,55.614,kt,1725702947301952,2266
118.235.3.36,549,54.454,kt,1725702947334340,9128
118.235.3.36,550,60.973,kt,1725702947374389,17143
118.235.3.36,551,55.464,kt,1725702947402553,7002
118.235.3.36,552,46.309,kt,1725702947426983,2606
118.235.3.36,553,58.439,kt,1725702947472697,7863
118.235.3.36,554,54.025,kt,1725702947501857,2436
118.235.3.36,555,61.134,kt,1725702947542571,8129
118.235.3.36,556,56.945,kt,1725702947571979,2083
118.235.3.36,557,54.02,kt,1725702947602697,8795
118.235.3.36,558,67.469,kt,1725702947649833,2993
118.235.3.36,559,65.792,kt,1725702947681653,10367
118.235.3.36,560,51.401,kt,1725702947700760,18039
118.235.3.36,561,68.265,kt,1725702947751301,9312
118.235.3.36,562,55.607,kt,1725702947772241,2897
118.235.3.36,563,48.605,kt,1725702947798846,8640
118.235.3.36,564,58.025,kt,1725702947841851,3139
118.235.3.36,565,56.256,kt,1725702947873691,10189
118.235.3.36,566,61.537,kt,1725702947912524,4893
118.235.3.36,567,58.144,kt,1725702947942769,8547
118.235.3.36,568,65.653,kt,1725702947983855,5145
118.235.3.36,569,59.651,kt,1725702948011450,9265
118.235.3.36,570,59.773,kt,1725702948045108,18854
118.235.3.36,571,49.017,kt,1725702948068027,7383
118.235.3.36,572,59.831,kt,1725702948112374,3460
118.235.3.36,573,65.026,kt,1725702948151222,9311
118.235.3.36,574,52.372,kt,1725702948172117,2283
118.235.3.36,575,68.332,kt,1725702948221717,10031
118.235.3.36,576,54.894,kt,1725702948241887,3104
118.235.3.36,577,47.51,kt,1725702948268138,8212
118.235.3.36,578,58.105,kt,1725702948312292,3375
118.235.3.36,579,65.032,kt,1725702948352831,7292
118.235.3.36,580,61.819,kt,1725702948383188,21609
118.235.3.36,581,58.402,kt,1725702948413378,10658
118.235.3.36,582,61.405,kt,1725702948449996,4161
118.235.3.36,583,51.312,kt,1725702948473480,9765
118.235.3.36,584,56.345,kt,1725702948512104,2422
118.235.3.36,585,49.755,kt,1725702948539123,10226
118.235.3.36,586,59.021,kt,1725702948581995,2926
118.235.3.36,587,56.227,kt,1725702948612782,8314
118.235.3.36,588,51.997,kt,1725702948642160,2758
118.235.3.36,589,59.782,kt,1725702948683560,10119
118.235.3.36,590,58.216,kt,1725702948715565,21112
118.235.3.36,591,51.838,kt,1725702948742776,6530
118.235.3.36,592,57.542,kt,1725702948782097,2741
118.235.3.36,593,55.003,kt,1725702948813163,7177
118.235.3.36,594,45.121,kt,1725702948836874,2430
118.235.3.36,595,57.917,kt,1725702948883279,9149
118.235.3.36,596,52.959,kt,1725702948911895,2149
118.235.3.36,597,50.805,kt,1725702948943360,12249
118.235.3.36,598,55.873,kt,1725702948981997,2699
118.235.3.36,599,53.682,kt,1725702949013395,8887
118.235.3.36,600,60.699,kt,1725702949054053,15374
118.235.3.36,601,55.834,kt,1725702949082744,5535
118.235.3.36,602,61.59,kt,1725702949122102,2399
118.235.3.36,603,58.549,kt,1725702949152702,6768
118.235.3.36,604,54.298,kt,1725702949182058,2175
118.235.3.36,605,61.403,kt,1725702949222764,6677
118.235.3.36,606,57.24,kt,1725702949252185,2909
118.235.3.36,607,54.448,kt,1725702949282956,6692
118.235.3.36,608,60.026,kt,1725702949322124,2698
118.235.3.36,609,57.004,kt,1725702949352702,6167
118.235.3.36,610,55.095,kt,1725702949384391,15449
118.235.3.36,611,67.857,kt,1725702949430795,6847
118.235.3.36,612,40.719,kt,1725702949437214,2325
118.235.3.36,613,52.645,kt,1725702949482727,6392
118.235.3.36,614,58.295,kt,1725702949521989,3054
118.235.3.36,615,56.654,kt,1725702949553928,9091
118.235.3.36,616,51.178,kt,1725702949582075,3536
118.235.3.36,617,66.187,kt,1725702949630685,7705
118.235.3.36,618,49.149,kt,1725702949647232,2997
118.235.3.36,619,61.25,kt,1725702949692856,7233
118.235.3.36,620,67.401,kt,1725702949732677,18478
118.235.3.36,621,44.061,kt,1725702949742918,6775
118.235.3.36,622,44.206,kt,1725702949776748,2015
118.235.3.36,623,65.139,kt,1725702949831208,7062
118.235.3.36,624,52.216,kt,1725702949851870,3221
118.235.3.36,625,59.798,kt,1725702949893106,7826
118.235.3.36,626,54.878,kt,1725702949921747,1984
118.235.3.36,627,70.422,kt,1725702949970873,8681
118.235.3.36,628,57.863,kt,1725702949991927,2210
118.235.3.36,629,63.309,kt,1725702950030951,6944
118.235.3.36,630,54.536,kt,1725702950055786,21880
118.235.3.36,631,58.412,kt,1725702950093266,5889
118.235.3.36,632,53.673,kt,1725702950122152,2806
118.235.3.36,633,61.407,kt,1725702950163425,9940
118.235.3.36,634,56.23,kt,1725702950191881,2132
118.235.3.36,635,54.03,kt,1725702950223263,10570
118.235.3.36,636,58.99,kt,1725702950261806,3394
118.235.3.36,637,47.355,kt,1725702950283843,11260
118.235.3.36,638,61.891,kt,1725702950331950,1964
118.235.3.36,639,50.205,kt,1725702950353833,9694
118.235.3.36,640,60.763,kt,1725702950397990,19004
118.235.3.36,641,61.785,kt,1725702950432668,6431
118.235.3.36,642,57.488,kt,1725702950461948,3070
118.235.3.36,643,56.66,kt,1725702950494722,9572
118.235.3.36,644,45.314,kt,1725702950516970,2237
118.235.3.36,645,57.745,kt,1725702950562942,8825
118.235.3.36,646,53.419,kt,1725702950592232,1779
118.235.3.36,647,60.394,kt,1725702950632857,6931
118.235.3.36,648,55.892,kt,1725702950661935,2116
118.235.3.36,649,54.844,kt,1725702950694516,9690
118.235.3.36,650,61.763,kt,1725702950735012,19183
118.235.3.36,651,56.63,kt,1725702950763430,10914
118.235.3.36,652,46.437,kt,1725702950786894,1313
118.235.3.36,653,59.404,kt,1725702950833456,9842
118.235.3.36,654,54.067,kt,1725702950861651,606
118.235.3.36,655,52.936,kt,1725702950894148,9715
118.235.3.36,656,41.812,kt,1725702950916608,1073
118.235.3.36,657,55.063,kt,1725702950963432,12198
118.235.3.36,658,44.434,kt,1725702950986462,622
118.235.3.36,659,57.971,kt,1725702951033602,12851
118.235.3.36,660,53.397,kt,1725702951062612,31566
118.235.3.36,661,68.015,kt,1725702951110838,7346
118.235.3.36,662,45.127,kt,1725702951121529,333
118.235.3.36,663,53.169,kt,1725702951163176,7644
118.235.3.36,664,42.965,kt,1725702951186608,401
118.235.3.36,665,63.599,kt,1725702951240794,7608
118.235.3.36,666,45.905,kt,1725702951256763,481
118.235.3.36,667,67.156,kt,1725702951311576,13195
118.235.3.36,668,53.767,kt,1725702951331719,848
118.235.3.36,669,70.094,kt,1725702951381640,11541
118.235.3.36,670,62.203,kt,1725702951407342,31857
118.235.3.36,671,63.259,kt,1725702951442030,3292
118.235.3.36,672,43.949,kt,1725702951456328,312
118.235.3.36,673,56.906,kt,1725702951502878,6679
118.235.3.36,674,41.789,kt,1725702951521344,210
118.235.3.36,675,59.491,kt,1725702951572642,6441
118.235.3.36,676,44.979,kt,1725702951591694,486
118.235.3.36,677,63.3,kt,1725702951643632,10181
118.235.3.36,678,58.498,kt,1725702951672451,359
118.235.3.36,679,56.033,kt,1725702951703571,9393
118.235.3.36,680,66.218,kt,1725702951747375,31725
118.235.3.36,681,57.084,kt,1725702951771853,3244
118.235.3.36,682,53.246,kt,1725702951801610,320
118.235.3.36,683,46.194,kt,1725702951828167,6697
118.235.3.36,684,40.942,kt,1725702951856489,232
118.235.3.36,685,53.65,kt,1725702951902763,6074
118.235.3.36,686,49.061,kt,1725702951931790,465
118.235.3.36,687,65.155,kt,1725702951981475,9801
118.235.3.36,688,51.438,kt,1725702952001358,339
118.235.3.36,689,59.982,kt,1725702952043511,9490
118.235.3.36,690,59.573,kt,1725702952076675,28645
118.235.3.36,691,59.779,kt,1725702952110489,4551
118.235.3.36,692,47.441,kt,1725702952131731,676
118.235.3.36,693,55.366,kt,1725702952173269,8966
118.235.3.36,694,50.003,kt,1725702952201522,552
118.235.3.36,695,57.698,kt,1725702952242801,7680
118.235.3.36,696,53.429,kt,1725702952272084,2801
118.235.3.36,697,50.524,kt,1725702952302801,7792
118.235.3.36,698,56.11,kt,1725702952342011,2664
118.235.3.36,699,44.221,kt,1725702952363722,9471
118.235.3.36,700,62.666,kt,1725702952415758,24531
118.235.3.36,701,55.879,kt,1725702952442562,5939
118.235.3.36,702,51.503,kt,1725702952471793,1708
118.235.3.36,703,58.701,kt,1725702952512568,6259
118.235.3.36,704,44.563,kt,1725702952532031,1827
118.235.3.36,705,59.698,kt,1725702952580759,7787
118.235.3.36,706,42.493,kt,1725702952597198,2717
118.235.3.36,707,54.558,kt,1725702952642827,8145
118.235.3.36,708,40.343,kt,1725702952662210,1591
118.235.3.36,709,57.115,kt,1725702952712585,6798
118.235.3.36,710,54.636,kt,1725702952743699,12286
118.235.3.36,711,59.966,kt,1725702952782624,5055
118.235.3.36,712,40.708,kt,1725702952796958,1392
118.235.3.36,713,