Interface,Sequence Number,Arrival Time,Latency
121.128.92.46,0,1721294430.3179736,0.20464158058166504
121.128.92.46,1,1721294430.3509414,0.20420241355895996
121.128.92.46,2,1721294430.3934076,0.2131805419921875
121.128.92.46,3,1721294430.418415,0.2045750617980957
121.128.92.46,4,1721294430.451784,0.2042229175567627
121.128.92.46,5,1721294430.4856393,0.20467424392700195
121.128.92.46,6,1721294430.518826,0.204118013381958
121.128.92.46,7,1721294430.5531943,0.20467519760131836
121.128.92.46,8,1721294430.5860164,0.20366334915161133
121.128.92.46,9,1721294430.621812,0.20558810234069824
121.128.92.46,10,1721294430.65483,0.20465397834777832
121.128.92.46,11,1721294430.6884687,0.20450878143310547
121.128.92.46,12,1721294430.7272527,0.20944476127624512
121.128.92.46,13,1721294430.764165,0.21242403984069824
121.128.92.46,14,1721294430.7910104,0.2053844928741455
121.128.92.46,15,1721294430.8426135,0.22320055961608887
121.128.92.46,16,1721294430.857845,0.20465898513793945
121.128.92.46,17,1721294430.8917053,0.20465731620788574
121.128.92.46,18,1721294430.924997,0.20454120635986328
121.128.92.46,19,1721294430.9594324,0.20546627044677734
121.128.92.46,20,1721294431.0094888,0.22167587280273438
121.128.92.46,21,1721294431.027142,0.20559310913085938
121.128.92.46,22,1721294431.0611486,0.2062525749206543
121.128.92.46,23,1721294431.0961063,0.20730137825012207
121.128.92.46,24,1721294431.1505818,0.22796273231506348
121.128.92.46,25,1721294431.1824136,0.22606563568115234
121.128.92.46,26,1721294431.2016637,0.2120368480682373
121.128.92.46,27,1721294431.2280421,0.20455622673034668
121.128.92.46,28,1721294431.2610896,0.20383954048156738
121.128.92.46,29,1721294431.3032532,0.21240806579589844
121.128.92.46,30,1721294431.3288758,0.2041947841644287
121.128.92.46,31,1721294431.3632233,0.20469141006469727
121.128.92.46,32,1721294431.3958733,0.2040421962738037
121.128.92.46,33,1721294431.4306898,0.2050158977508545
121.128.92.46,34,1721294431.464103,0.20506691932678223
121.128.92.46,35,1721294431.4974463,0.20476436614990234
121.128.92.46,36,1721294431.531301,0.2052459716796875
121.128.92.46,37,1721294431.56444,0.20442795753479004
121.128.92.46,38,1721294431.5979095,0.2042543888092041
121.128.92.46,39,1721294431.6340923,0.20678925514221191
121.128.92.46,40,1721294431.6650522,0.20389914512634277
121.128.92.46,41,1721294431.6994867,0.20468878746032715
121.128.92.46,42,1721294431.7326286,0.20438146591186523
121.128.92.46,43,1721294431.7663896,0.20468759536743164
121.128.92.46,44,1721294431.801068,0.20554018020629883
121.128.92.46,45,1721294431.8339577,0.20466971397399902
121.128.92.46,46,1721294431.8670866,0.20398473739624023
121.128.92.46,47,1721294431.902162,0.20533108711242676
121.128.92.46,48,1721294431.9344685,0.20389056205749512
121.128.92.46,49,1721294431.9688091,0.20473814010620117
121.128.92.46,50,1721294432.0021865,0.20452451705932617
121.128.92.46,51,1721294432.0361948,0.20487475395202637
121.128.92.46,52,1721294432.069067,0.20441198348999023
121.128.92.46,53,1721294432.1029146,0.20508265495300293
121.128.92.46,54,1721294432.135819,0.2043149471282959
121.128.92.46,55,1721294432.1698148,0.20493578910827637
121.128.92.46,56,1721294432.202942,0.20447587966918945
121.128.92.46,57,1721294432.2364163,0.2045903205871582
121.128.92.46,58,1721294432.2762117,0.2109847068786621
121.128.92.46,59,1721294432.3030467,0.20432281494140625
121.128.92.46,60,1721294432.3418756,0.2097015380859375
121.128.92.46,61,1721294432.3699315,0.20411443710327148
121.128.92.46,62,1721294432.4037793,0.20424127578735352
121.128.92.46,63,1721294432.4379015,0.20456647872924805
121.128.92.46,64,1721294432.4714963,0.20439743995666504
121.128.92.46,65,1721294432.505012,0.20409512519836426
121.128.92.46,66,1721294432.5404267,0.2056596279144287
121.128.92.46,67,1721294432.5732214,0.2046194076538086
121.128.92.46,68,1721294432.6070707,0.2049555778503418
121.128.92.46,69,1721294432.6428723,0.20737934112548828
121.128.92.46,70,1721294432.6744106,0.20505452156066895
121.128.92.46,71,1721294432.708037,0.20527386665344238
121.128.92.46,72,1721294432.7467315,0.2106795310974121
121.128.92.46,73,1721294432.7745929,0.20484089851379395
121.128.92.46,74,1721294432.8084297,0.20490670204162598
121.128.92.46,75,1721294432.8419173,0.2045762538909912
121.128.92.46,76,1721294432.8760026,0.20484447479248047
121.128.92.46,77,1721294432.909704,0.20512700080871582
121.128.92.46,78,1721294432.9425197,0.20447754859924316
121.128.92.46,79,1721294433.0124311,0.24057602882385254
121.128.92.46,80,1721294433.0127132,0.20739412307739258
121.128.92.46,81,1721294433.057265,0.21827411651611328
121.128.92.46,82,1721294433.1278374,0.25539731979370117
121.128.92.46,83,1721294433.1297808,0.22361469268798828
121.128.92.46,84,1721294433.146015,0.20625591278076172
121.128.92.46,85,1721294433.178906,0.2053380012512207
121.128.92.46,86,1721294433.212442,0.20484495162963867
121.128.92.46,87,1721294433.2463925,0.20500540733337402
121.128.92.46,88,1721294433.2875047,0.21225976943969727
121.128.92.46,89,1721294433.3140001,0.20544719696044922
121.128.92.46,90,1721294433.3483434,0.2065744400024414
121.128.92.46,91,1721294433.382067,0.20635199546813965
121.128.92.46,92,1721294433.4160979,0.20660877227783203
121.128.92.46,93,1721294433.4506397,0.20752882957458496
121.128.92.46,94,1721294433.4953976,0.2185065746307373
121.128.92.46,95,1721294433.515078,0.20455217361450195
121.128.92.46,96,1721294433.5491629,0.20513582229614258
121.128.92.46,97,1721294433.582702,0.20526385307312012
121.128.92.46,98,1721294433.6160955,0.20508861541748047
121.128.92.46,99,1721294433.6499324,0.20498037338256836
121.128.92.46,100,1721294433.6828308,0.20407390594482422
121.128.92.46,101,1721294433.7165942,0.20399832725524902
121.128.92.46,102,1721294433.7504299,0.20424985885620117
121.128.92.46,103,1721294433.7844248,0.20444989204406738
121.128.92.46,104,1721294433.8187413,0.20497536659240723
121.128.92.46,105,1721294433.8523648,0.20475387573242188
121.128.92.46,106,1721294433.8859818,0.20480585098266602
121.128.92.46,107,1721294433.9198508,0.20487689971923828
121.128.92.46,108,1721294433.9527318,0.20437073707580566
121.128.92.46,109,1721294433.98659,0.20448899269104004
121.128.92.46,110,1721294434.020452,0.20474791526794434
121.128.92.46,111,1721294434.054306,0.20482897758483887
121.128.92.46,112,1721294434.0881698,0.20502376556396484
121.128.92.46,113,1721294434.122022,0.20508790016174316
121.128.92.46,114,1721294434.1549141,0.20419907569885254
121.128.92.46,115,1721294434.1890156,0.2045435905456543
121.128.92.46,116,1721294434.222879,0.20458292961120605
121.128.92.46,117,1721294434.2566047,0.20478463172912598
121.128.92.46,118,1721294434.290405,0.20504498481750488
121.128.92.46,119,1721294434.323338,0.2041330337524414
121.128.92.46,120,1721294434.3569307,0.20392680168151855
121.128.92.46,121,1721294434.3938692,0.2071211338043213
121.128.92.46,122,1721294434.4246469,0.20414495468139648
121.128.92.46,123,1721294434.4585357,0.2042527198791504
121.128.92.46,124,1721294434.4933221,0.20531415939331055
121.128.92.46,125,1721294434.5261471,0.20482110977172852
121.128.92.46,126,1721294434.5599327,0.20498061180114746
121.128.92.46,127,1721294434.5929074,0.20441937446594238
121.128.92.46,128,1721294434.6278114,0.20554447174072266
121.128.92.46,129,1721294434.6611829,0.20508885383605957
121.128.92.46,130,1721294434.6938286,0.2043766975402832
121.128.92.46,131,1721294434.7306442,0.20747613906860352
121.128.92.46,132,1721294434.7614722,0.2047412395477295
121.128.92.46,133,1721294434.7953246,0.205000638961792
121.128.92.46,134,1721294434.8291917,0.20519661903381348
121.128.92.46,135,1721294434.861939,0.20426702499389648
121.128.92.46,136,1721294434.895803,0.20459890365600586
121.128.92.46,137,1721294434.9297698,0.20464277267456055
121.128.92.46,138,1721294434.96389,0.2049109935760498
121.128.92.46,139,1721294434.9988244,0.20635533332824707
121.128.92.46,140,1721294435.031232,0.2051842212677002
121.128.92.46,141,1721294435.0634046,0.2040555477142334
121.128.92.46,142,1721294435.100309,0.20753192901611328
121.128.92.46,143,1721294435.1319685,0.20569753646850586
121.128.92.46,144,1721294435.1640146,0.2042524814605713
121.128.92.46,145,1721294435.2036724,0.21040749549865723
121.128.92.46,146,1721294435.2315056,0.2045135498046875
121.128.92.46,147,1721294435.2653718,0.2044386863708496
121.128.92.46,148,1721294435.2993526,0.20477771759033203
121.128.92.46,149,1721294435.3332849,0.20493674278259277
121.128.92.46,150,1721294435.367064,0.20489001274108887
121.128.92.46,151,1721294435.4000707,0.20428967475891113
121.128.92.46,152,1721294435.434059,0.20452189445495605
121.128.92.46,153,1721294435.467529,0.2047271728515625
121.128.92.46,154,1721294435.5005682,0.2044081687927246
121.128.92.46,155,1721294435.5344305,0.20467162132263184
121.128.92.46,156,1721294435.5682871,0.20471405982971191
121.128.92.46,157,1721294435.6011832,0.20421624183654785
121.128.92.46,158,1721294435.6357648,0.20517373085021973
121.128.92.46,159,1721294435.6697161,0.20558404922485352
121.128.92.46,160,1721294435.7037296,0.20592665672302246
121.128.92.46,161,1721294435.7360306,0.20487165451049805
121.128.92.46,162,1721294435.769493,0.20447707176208496
121.128.92.46,163,1721294435.806109,0.20725798606872559
121.128.92.46,164,1721294435.8380466,0.20543265342712402
121.128.92.46,165,1721294435.8743012,0.20786213874816895
121.128.92.46,166,1721294435.9051783,0.20477819442749023
121.128.92.46,167,1721294435.9387991,0.20472121238708496
121.128.92.46,168,1721294435.9738638,0.20594477653503418
121.128.92.46,169,1721294436.0065935,0.2052304744720459
121.128.92.46,170,1721294436.0394094,0.20426630973815918
121.128.92.46,171,1721294436.0732613,0.20467114448547363
121.128.92.46,172,1721294436.1073713,0.20507526397705078
121.128.92.46,173,1721294436.1404932,0.20475006103515625
121.128.92.46,174,1721294436.1737127,0.2045276165008545
121.128.92.46,175,1721294436.2080522,0.20525312423706055
121.128.92.46,176,1721294436.2427897,0.20627379417419434
121.128.92.46,177,1721294436.2745028,0.20439386367797852
121.128.92.46,178,1721294436.3084476,0.20463061332702637
121.128.92.46,179,1721294436.3422995,0.2050154209136963
121.128.92.46,180,1721294436.3748682,0.20402812957763672
121.128.92.46,181,1721294436.4090493,0.2048652172088623
121.128.92.46,182,1721294436.443001,0.2051680088043213
121.128.92.46,183,1721294436.4758012,0.2042863368988037
121.128.92.46,184,1721294436.5103016,0.2049884796142578
121.128.92.46,185,1721294436.5431566,0.20416569709777832
121.128.92.46,186,1721294436.5775218,0.2047727108001709
121.128.92.46,187,1721294436.6111429,0.20519185066223145
121.128.92.46,188,1721294436.6441355,0.20463156700134277
121.128.92.46,189,1721294436.6782393,0.20498228073120117
121.128.92.46,190,1721294436.7113588,0.20431876182556152
121.128.92.46,191,1721294436.7457123,0.20502233505249023
121.128.92.46,192,1721294436.778746,0.2042248249053955
121.128.92.46,193,1721294436.8144093,0.20608019828796387
121.128.92.46,194,1721294436.8467004,0.20455050468444824
121.128.92.46,195,1721294436.8809016,0.20509552955627441
121.128.92.46,196,1721294436.9139383,0.2048203945159912
121.128.92.46,197,1721294436.9468107,0.20425868034362793
121.128.92.46,198,1721294436.9832516,0.20689964294433594
121.128.92.46,199,1721294437.014272,0.2041919231414795
121.128.92.46,200,1721294437.0484114,0.20472931861877441
121.128.92.46,201,1721294437.0812964,0.2042224407196045
121.128.92.46,202,1721294437.1171572,0.20675921440124512
121.128.92.46,203,1721294437.1486747,0.20512175559997559
121.128.92.46,204,1721294437.1816688,0.20452475547790527
121.128.92.46,205,1721294437.2150354,0.2045154571533203
121.128.92.46,206,1721294437.2503583,0.2060682773590088
121.128.92.46,207,1721294437.2825038,0.2045118808746338
121.128.92.46,208,1721294437.31643,0.20520901679992676
121.128.92.46,209,1721294437.3518631,0.20673108100891113
121.128.92.46,210,1721294437.3843436,0.2055826187133789
121.128.92.46,211,1721294437.4239142,0.21155309677124023
121.128.92.46,212,1721294437.4558406,0.2094864845275879
121.128.92.46,213,1721294437.4863558,0.20648670196533203
121.128.92.46,214,1721294437.5185223,0.20526814460754395
121.128.92.46,215,1721294437.5529137,0.2059776782989502
121.128.92.46,216,1721294437.5869133,0.20640134811401367
121.128.92.46,217,1721294437.6197748,0.2055518627166748
121.128.92.46,218,1721294437.6527774,0.2045903205871582
121.128.92.46,219,1721294437.7083375,0.22644543647766113
121.128.92.46,220,1721294437.722612,0.20693182945251465
121.128.92.46,221,1721294437.7551825,0.20568251609802246
121.128.92.46,222,1721294437.7945364,0.21128535270690918
121.128.92.46,223,1721294437.823551,0.2066960334777832
121.128.92.46,224,1721294437.8550882,0.20426630973815918
121.128.92.46,225,1721294437.8893209,0.20467376708984375
121.128.92.46,226,1721294437.9225588,0.20423579216003418
121.128.92.46,227,1721294437.9565558,0.20432782173156738
121.128.92.46,228,1721294437.9934435,0.20747637748718262
121.128.92.46,229,1721294438.024478,0.20491290092468262
121.128.92.46,230,1721294438.059537,0.206650972366333
121.128.92.46,231,1721294438.093282,0.20659995079040527
121.128.92.46,232,1721294438.124703,0.2046189308166504
121.128.92.46,233,1721294438.1608996,0.2074136734008789
121.128.92.46,234,1721294438.1948736,0.20757365226745605
121.128.92.46,235,1721294438.2327538,0.21163368225097656
121.128.92.46,236,1721294438.2594361,0.20484423637390137
121.128.92.46,237,1721294438.293289,0.2049410343170166
121.128.92.46,238,1721294438.3272722,0.20516109466552734
121.128.92.46,239,1721294438.3604367,0.20472979545593262
121.128.92.46,240,1721294438.3948812,0.20557522773742676
121.128.92.46,241,1721294438.4278681,0.20470404624938965
121.128.92.46,242,1721294438.461625,0.20502114295959473
121.128.92.46,243,1721294438.4956076,0.2054896354675293
121.128.92.46,244,1721294438.5285506,0.20475053787231445
121.128.92.46,245,1721294438.561933,0.2044050693511963
121.128.92.46,246,1721294438.595934,0.20514297485351562
121.128.92.46,247,1721294438.6303642,0.20580816268920898
121.128.92.46,248,1721294438.6642003,0.20601129531860352
121.128.92.46,249,1721294438.697123,0.20547103881835938
121.128.92.46,250,1721294438.729598,0.20453596115112305
121.128.92.46,251,1721294438.7636306,0.20504355430603027
121.128.92.46,252,1721294438.797475,0.20570802688598633
121.128.92.46,253,1721294438.831185,0.20582318305969238
121.128.92.46,254,1721294438.864192,0.20510292053222656
121.128.92.46,255,1721294438.897815,0.20518207550048828
121.128.92.46,256,1721294438.9307263,0.20449423789978027
121.128.92.46,257,1721294438.9648294,0.20481038093566895
121.128.92.46,258,1721294438.9987907,0.20523977279663086
121.128.92.46,259,1721294439.032295,0.20488405227661133
121.128.92.46,260,1721294439.0652587,0.20454168319702148
121.128.92.46,261,1721294439.0992799,0.20500588417053223
121.128.92.46,262,1721294439.1332374,0.2053394317626953
121.128.92.46,263,1721294439.1658964,0.20463347434997559
121.128.92.46,264,1721294439.1998947,0.20497369766235352
121.128.92.46,265,1721294439.237375,0.20870709419250488
121.128.92.46,266,1721294439.267364,0.2051379680633545
121.128.92.46,267,1721294439.3035,0.20769882202148438
121.128.92.46,268,1721294439.3335173,0.20439624786376953
121.128.92.46,269,1721294439.3673866,0.20477652549743652
121.128.92.46,270,1721294439.4008992,0.20507121086120605
121.128.92.46,271,1721294439.4337766,0.20429563522338867
121.128.92.46,272,1721294439.4691746,0.2059636116027832
121.128.92.46,273,1721294439.5025535,0.20575237274169922
121.128.92.46,274,1721294439.535563,0.20503807067871094
121.128.92.46,275,1721294439.5695393,0.20583438873291016
121.128.92.46,276,1721294439.6071837,0.20995879173278809
121.128.92.46,277,1721294439.6352208,0.20441675186157227
121.128.92.46,278,1721294439.6880696,0.22358369827270508
121.128.92.46,279,1721294439.7036743,0.20563220977783203
121.128.92.46,280,1721294439.7366912,0.20497632026672363
121.128.92.46,281,1721294439.7739437,0.20861363410949707
121.128.92.46,282,1721294439.803805,0.20505213737487793
121.128.92.46,283,1721294439.8364823,0.20405340194702148
121.128.92.46,284,1721294439.8708725,0.20468950271606445
121.128.92.46,285,1721294439.905381,0.20540404319763184
121.128.92.46,286,1721294439.9378984,0.20468544960021973
121.128.92.46,287,1721294439.9718878,0.2049849033355713
121.128.92.46,288,1721294440.0087345,0.2081923484802246
121.128.92.46,289,1721294440.038967,0.20486688613891602
121.128.92.46,290,1721294440.0727239,0.20508074760437012
121.128.92.46,291,1721294440.1075573,0.2061753273010254
121.128.92.46,292,1721294440.1438525,0.20871448516845703
121.128.92.46,293,1721294440.176381,0.20749616622924805
121.128.92.46,294,1721294440.2091367,0.20651674270629883
121.128.92.46,295,1721294440.2409399,0.20464277267456055
121.128.92.46,296,1721294440.2745318,0.20489072799682617
121.128.92.46,297,1721294440.3085556,0.20530366897583008
121.128.92.46,298,1721294440.3450599,0.20807385444641113
121.128.92.46,299,1721294440.3761196,0.20528554916381836
121.128.92.46,300,1721294440.4089892,0.20449519157409668
121.128.92.46,301,1721294440.443104,0.20493197441101074
121.128.92.46,302,1721294440.4766307,0.2047116756439209
121.128.92.46,303,1721294440.5115469,0.20588994026184082
121.128.92.46,304,1721294440.5434675,0.20433640480041504
121.128.92.46,305,1721294440.578439,0.2057499885559082
121.128.92.46,306,1721294440.6113236,0.20481657981872559
121.128.92.46,307,1721294440.6442344,0.20446443557739258
121.128.92.46,308,1721294440.677588,0.20413994789123535
121.128.92.46,309,1721294440.7121882,0.20498323440551758
121.128.92.46,310,1721294440.7461271,0.20524120330810547
121.128.92.46,311,1721294440.7797718,0.20513582229614258
121.128.92.46,312,1721294440.8122702,0.20426106452941895
121.128.92.46,313,1721294440.848203,0.20656490325927734
121.128.92.46,314,1721294440.8810613,0.20557427406311035
121.128.92.46,315,1721294440.9139516,0.2047886848449707
121.128.92.46,316,1721294440.9479566,0.20492148399353027
121.128.92.46,317,1721294440.9816682,0.20503020286560059
121.128.92.46,318,1721294441.0156693,0.20559024810791016
121.128.92.46,319,1721294441.0515637,0.2078237533569336
121.128.92.46,320,1721294441.0890522,0.2116832733154297
121.128.92.46,321,1721294441.116139,0.20500802993774414
121.128.92.46,322,1721294441.149037,0.20467090606689453
121.128.92.46,323,1721294441.183034,0.2050950527191162
121.128.92.46,324,1721294441.2172348,0.205582857131958
121.128.92.46,325,1721294441.2496445,0.2044215202331543
121.128.92.46,326,1721294441.2962952,0.21733307838439941
121.128.92.46,327,1721294441.3174067,0.2046825885772705
121.128.92.46,328,1721294441.35114,0.20466113090515137
121.128.92.46,329,1721294441.3861868,0.20602989196777344
121.128.92.46,330,1721294441.4190726,0.20516657829284668
121.128.92.46,331,1721294441.454488,0.2067279815673828
121.128.92.46,332,1721294441.4854517,0.20436859130859375
121.128.92.46,333,1721294441.5211625,0.20652246475219727
121.128.92.46,334,1721294441.5546381,0.20683026313781738
121.128.92.46,335,1721294441.586217,0.20459294319152832
121.128.92.46,336,1721294441.620104,0.2048020362854004
121.128.92.46,337,1721294441.6539412,0.20484614372253418
121.128.92.46,338,1721294441.6873178,0.20467376708984375
121.128.92.46,339,1721294441.7216663,0.20526742935180664
121.128.92.46,340,1721294441.7565866,0.20651555061340332
121.128.92.46,341,1721294441.7887442,0.2050642967224121
121.128.92.46,342,1721294441.822624,0.20514893531799316
121.128.92.46,343,1721294441.8576992,0.20654511451721191
121.128.92.46,344,1721294441.8901987,0.20520567893981934
121.128.92.46,345,1721294441.9269588,0.2082228660583496
121.128.92.46,346,1721294441.9620223,0.20976924896240234
121.128.92.46,347,1721294441.9935582,0.2075490951538086
121.128.92.46,348,1721294442.0245416,0.2048635482788086
121.128.92.46,349,1721294442.0576994,0.20464444160461426
121.128.92.46,350,1721294442.0926456,0.20597076416015625
121.128.92.46,351,1721294442.1250584,0.20502638816833496
121.128.92.46,352,1721294442.157951,0.20442605018615723
121.128.92.46,353,1721294442.1920667,0.20487165451049805
121.128.92.46,354,1721294442.2278483,0.2074294090270996
121.128.92.46,355,1721294442.2588089,0.20488786697387695
121.128.92.46,356,1721294442.2926548,0.20493268966674805
121.128.92.46,357,1721294442.3265269,0.2053678035736084
121.128.92.46,358,1721294442.3595846,0.20464062690734863
121.128.92.46,359,1721294442.3940012,0.20529723167419434
121.128.92.46,360,1721294442.4294093,0.20705938339233398
121.128.92.46,361,1721294442.4619768,0.20584368705749512
121.128.92.46,362,1721294442.4954302,0.20575523376464844
121.128.92.46,363,1721294442.5294352,0.20598816871643066
121.128.92.46,364,1721294442.5647483,0.20776629447937012
121.128.92.46,365,1721294442.5982175,0.20784640312194824
121.128.92.46,366,1721294442.6291769,0.20506882667541504
121.128.92.46,367,1721294442.6631837,0.2053077220916748
121.128.92.46,368,1721294442.6956916,0.2042086124420166
121.128.92.46,369,1721294442.7296534,0.2044224739074707
121.128.92.46,370,1721294442.7630718,0.20430278778076172
121.128.92.46,371,1721294442.7975135,0.20499539375305176
121.128.92.46,372,1721294442.8305457,0.20456171035766602
121.128.92.46,373,1721294442.8652775,0.2054295539855957
121.128.92.46,374,1721294442.8975744,0.2042834758758545
121.128.92.46,375,1721294442.9319837,0.2047736644744873
121.128.92.46,376,1721294442.9658802,0.2049250602722168
121.128.92.46,377,1721294442.999911,0.20529913902282715
121.128.92.46,378,1721294443.0324838,0.20424580574035645
121.128.92.46,379,1721294443.066341,0.20486903190612793
121.128.92.46,380,1721294443.1002748,0.20512771606445312
121.128.92.46,381,1721294443.1340759,0.20528888702392578
121.128.92.46,382,1721294443.167219,0.20479393005371094
121.128.92.46,383,1721294443.2010596,0.2053086757659912
121.128.92.46,384,1721294443.2339616,0.20459365844726562
121.128.92.46,385,1721294443.2684147,0.2055058479309082
121.128.92.46,386,1721294443.3013523,0.20496416091918945
121.128.92.46,387,1721294443.3343852,0.20421409606933594
121.128.92.46,388,1721294443.3693504,0.20539236068725586
121.128.92.46,389,1721294443.4018526,0.20434355735778809
121.128.92.46,390,1721294443.4364471,0.20525312423706055
121.128.92.46,391,1721294443.4698184,0.20487546920776367
121.128.92.46,392,1721294443.5028543,0.2046194076538086
121.128.92.46,393,1721294443.536375,0.20485901832580566
121.128.92.46,394,1721294443.5702543,0.20514130592346191
121.128.92.46,395,1721294443.6033216,0.2046375274658203
121.128.92.46,396,1721294443.6415439,0.20913481712341309
121.128.92.46,397,1721294443.6711786,0.2051095962524414
121.128.92.46,398,1721294443.7045515,0.2049565315246582
121.128.92.46,399,1721294443.738053,0.205125093460083
121.128.92.46,400,1721294443.770914,0.20440411567687988
121.128.92.46,401,1721294443.8044415,0.2044384479522705
121.128.92.46,402,1721294443.8392746,0.20543360710144043
121.128.92.46,403,1721294443.872191,0.20467305183410645
121.128.92.46,404,1721294443.9062579,0.20492982864379883
121.128.92.46,405,1721294443.9401197,0.20502662658691406
121.128.92.46,406,1721294443.973585,0.2048029899597168
121.128.92.46,407,1721294444.0085337,0.2060236930847168
121.128.92.46,408,1721294444.0408263,0.20463824272155762
121.128.92.46,409,1721294444.0743499,0.2046668529510498
121.128.92.46,410,1721294444.1113439,0.20792675018310547
121.128.92.46,411,1721294444.1414747,0.20469069480895996
121.128.92.46,412,1721294444.1749713,0.20463323593139648
121.128.92.46,413,1721294444.2089283,0.20489144325256348
121.128.92.46,414,1721294444.2431822,0.2057952880859375
121.128.92.46,415,1721294444.2756662,0.20473313331604004
121.128.92.46,416,1721294444.3095384,0.2048633098602295
121.128.92.46,417,1721294444.3428237,0.20457983016967773
121.128.92.46,418,1721294444.3773375,0.20533037185668945
121.128.92.46,419,1721294444.4103737,0.20470356941223145
121.128.92.46,420,1721294444.4442425,0.20473146438598633
121.128.92.46,421,1721294444.4818623,0.20870542526245117
121.128.92.46,422,1721294444.5118477,0.2049267292022705
121.128.92.46,423,1721294444.5452192,0.20444917678833008
121.128.92.46,424,1721294444.579686,0.20528483390808105
121.128.92.46,425,1721294444.6135552,0.2054121494293213
121.128.92.46,426,1721294444.6459608,0.2044978141784668
121.128.92.46,427,1721294444.682147,0.20696496963500977
121.128.92.46,428,1721294444.7142994,0.20535945892333984
121.128.92.46,429,1721294444.7477763,0.20507526397705078
121.128.92.46,430,1721294444.783108,0.20659494400024414
121.128.92.46,431,1721294444.82469,0.2146000862121582
121.128.92.46,432,1721294444.8565164,0.21281838417053223
121.128.92.46,433,1721294444.8856914,0.20871543884277344
121.128.92.46,434,1721294444.9157522,0.20502424240112305
121.128.92.46,435,1721294444.9492366,0.20485353469848633
121.128.92.46,436,1721294444.983017,0.20487403869628906
121.128.92.46,437,1721294445.0168576,0.20506763458251953
121.128.92.46,438,1721294445.050163,0.20460104942321777
121.128.92.46,439,1721294445.084335,0.20513415336608887
121.128.92.46,440,1721294445.1182907,0.20539355278015137
121.128.92.46,441,1721294445.1513698,0.20491385459899902
121.128.92.46,442,1721294445.1872213,0.20706534385681152
121.128.92.46,443,1721294445.2186522,0.20492935180664062
121.128.92.46,444,1721294445.2526588,0.20527195930480957
121.128.92.46,445,1721294445.2866151,0.20541715621948242
121.128.92.46,446,1721294445.3206296,0.20572853088378906
121.128.92.46,447,1721294445.3535252,0.20496821403503418
121.128.92.46,448,1721294445.387372,0.20499801635742188
121.128.92.46,449,1721294445.4221992,0.20606613159179688
121.128.92.46,450,1721294445.4553301,0.20563006401062012
121.128.92.46,451,1721294445.4888074,0.20534133911132812
121.128.92.46,452,1721294445.5216906,0.2048816680908203
121.128.92.46,453,1721294445.5558128,0.20550084114074707
121.128.92.46,454,1721294445.5886855,0.20480751991271973
121.128.92.46,455,1721294445.6222026,0.20451974868774414
121.128.92.46,456,1721294445.6561728,0.20479965209960938
121.128.92.46,457,1721294445.690654,0.20552301406860352
121.128.92.46,458,1721294445.7240307,0.205122709274292
121.128.92.46,459,1721294445.757052,0.20454883575439453
121.128.92.46,460,1721294445.791475,0.20521306991577148
121.128.92.46,461,1721294445.8328524,0.21282529830932617
121.128.92.46,462,1721294445.8586113,0.20499730110168457
121.128.92.46,463,1721294445.8924706,0.20506858825683594
121.128.92.46,464,1721294445.9260962,0.20493316650390625
121.128.92.46,465,1721294445.9601421,0.20542502403259277
121.128.92.46,466,1721294445.9936676,0.20521759986877441
121.128.92.46,467,1721294446.0270343,0.20479035377502441
121.128.92.46,468,1721294446.0609043,0.20548534393310547
121.128.92.46,469,1721294446.0937407,0.20496273040771484
121.128.92.46,470,1721294446.1282837,0.20564675331115723
121.128.92.46,471,1721294446.1641738,0.2082808017730713
121.128.92.46,472,1721294446.20998,0.22056102752685547
121.128.92.46,473,1721294446.2634313,0.24010229110717773
121.128.92.46,474,1721294446.2639828,0.20698976516723633
121.128.92.46,475,1721294446.2960303,0.2054581642150879
121.128.92.46,476,1721294446.3305507,0.20622563362121582
121.128.92.46,477,1721294446.3741949,0.21659183502197266
121.128.92.46,478,1721294446.3973029,0.20601987838745117
121.128.92.46,479,1721294446.4322283,0.20731425285339355
121.128.92.46,480,1721294446.4669807,0.20834064483642578
121.128.92.46,481,1721294446.4974723,0.2052302360534668
121.128.92.46,482,1721294446.5325217,0.20660781860351562
121.128.92.46,483,1721294446.5703816,0.21062660217285156
121.128.92.46,484,1721294446.5984313,0.20527434349060059
121.128.92.46,485,1721294446.6315832,0.2047131061553955
121.128.92.46,486,1721294446.6659992,0.20537614822387695
121.128.92.46,487,1721294446.699473,0.20528197288513184
121.128.92.46,488,1721294446.7329915,0.20504236221313477
121.128.92.46,489,1721294446.7669504,0.20516538619995117
121.128.92.46,490,1721294446.8008084,0.20557641983032227
121.128.92.46,491,1721294446.834326,0.2052149772644043
121.128.92.46,492,1721294446.8682947,0.20541763305664062
121.128.92.46,493,1721294446.9015746,0.20511460304260254
121.128.92.46,494,1721294446.9350317,0.20521163940429688
121.128.92.46,495,1721294446.9680738,0.20477294921875
121.128.92.46,496,1721294447.0020409,0.20502185821533203
121.128.92.46,497,1721294447.037475,0.2067101001739502
121.128.92.46,498,1721294447.070482,0.20644593238830566
121.128.92.46,499,1721294447.1064107,0.20873570442199707
121.128.92.46,500,1721294447.1364942,0.20538115501403809
121.128.92.46,501,1721294447.1740105,0.20955562591552734
121.128.92.46,502,1721294447.2069461,0.20885705947875977
121.128.92.46,503,1721294447.286357,0.2545938491821289
121.128.92.46,504,1721294447.2866538,0.22113585472106934
121.128.92.46,505,1721294447.304581,0.20528483390808105
121.128.92.46,506,1721294447.3395774,0.20661234855651855
121.128.92.46,507,1721294447.3724842,0.20579314231872559
121.128.92.46,508,1721294447.405599,0.20546722412109375
121.128.92.46,509,1721294447.4390767,0.20517468452453613
121.128.92.46,510,1721294447.4730852,0.20542526245117188
121.128.92.46,511,1721294447.507036,0.20569896697998047
121.128.92.46,512,1721294447.5454838,0.2109057903289795
121.128.92.46,513,1721294447.574515,0.2066340446472168
121.128.92.46,514,1721294447.6093414,0.20788836479187012
121.128.92.46,515,1721294447.6433375,0.20823955535888672
121.128.92.46,516,1721294447.6744123,0.20556926727294922
121.128.92.46,517,1721294447.709608,0.20699310302734375
121.128.92.46,518,1721294447.7439198,0.20795488357543945
121.128.92.46,519,1721294447.7838678,0.21423578262329102
121.128.92.46,520,1721294447.8090107,0.20564866065979004
121.128.92.46,521,1721294447.8416567,0.204575777053833
121.128.92.46,522,1721294447.8779716,0.20713472366333008
121.128.92.46,523,1721294447.909483,0.20513701438903809
121.128.92.46,524,1721294447.945415,0.20727109909057617
121.128.92.46,525,1721294447.9769878,0.20521879196166992
121.128.92.46,526,1721294448.0310116,0.22563457489013672
121.128.92.46,527,1721294448.0439296,0.2046825885772705
121.128.92.46,528,1721294448.078506,0.205672025680542
121.128.92.46,529,1721294448.1164007,0.20975160598754883
121.128.92.46,530,1721294448.166419,0.22637510299682617
121.128.92.46,531,1721294448.178196,0.20457005500793457
121.128.92.46,532,1721294448.212072,0.20484089851379395
121.128.92.46,533,1721294448.2671793,0.2263011932373047
121.128.92.46,534,1721294448.2818992,0.20753931999206543
121.128.92.46,535,1721294448.3128629,0.20495295524597168
121.128.92.46,536,1721294448.346698,0.20509910583496094
121.128.92.46,537,1721294448.3804789,0.20500683784484863
121.128.92.46,538,1721294448.4153168,0.20645570755004883
121.128.92.46,539,1721294448.4472246,0.20460867881774902
121.128.92.46,540,1721294448.4817312,0.20532822608947754
121.128.92.46,541,1721294448.5266488,0.21683573722839355
121.128.92.46,542,1721294448.548803,0.2053060531616211
121.128.92.46,543,1721294448.581942,0.20508909225463867
121.128.92.46,544,1721294448.6364577,0.22577571868896484
121.128.92.46,545,1721294448.6489258,0.20498180389404297
121.128.92.46,546,1721294448.6833746,0.20599365234375
121.128.92.46,547,1721294448.7194738,0.2084817886352539
121.128.92.46,548,1721294448.7499428,0.20524168014526367
121.128.92.46,549,1721294448.7829137,0.20487666130065918
121.128.92.46,550,1721294448.8228207,0.21123766899108887
121.128.92.46,551,1721294448.8518405,0.20653247833251953
121.128.92.46,552,1721294448.8835177,0.20457673072814941
121.128.92.46,553,1721294448.9171462,0.2049541473388672
121.128.92.46,554,1721294448.9512513,0.2053372859954834
121.128.92.46,555,1721294448.9848263,0.20539140701293945
121.128.92.46,556,1721294449.0187116,0.20547866821289062
121.128.92.46,557,1721294449.0522263,0.20537018775939941
121.128.92.46,558,1721294449.0857232,0.20550227165222168
121.128.92.46,559,1721294449.1195862,0.20552515983581543
121.128.92.46,560,1721294449.1529422,0.20511627197265625
121.128.92.46,561,1721294449.1873572,0.20583319664001465
121.128.92.46,562,1721294449.2201958,0.20501375198364258
121.128.92.46,563,1721294449.2537358,0.20467686653137207
121.128.92.46,564,1721294449.2897363,0.20694732666015625
121.128.92.46,565,1721294449.3226573,0.20617127418518066
121.128.92.46,566,1721294449.3566296,0.20634770393371582
121.128.92.46,567,1721294449.3886359,0.20465779304504395
121.128.92.46,568,1721294449.4274664,0.2098073959350586
121.128.92.46,569,1721294449.45928,0.20778799057006836
121.128.92.46,570,1721294449.490151,0.20497393608093262
121.128.92.46,571,1721294449.523687,0.20485377311706543
121.128.92.46,572,1721294449.5576892,0.20553016662597656
121.128.92.46,573,1721294449.5905678,0.20470976829528809
121.128.92.46,574,1721294449.6245759,0.20508289337158203
121.128.92.46,575,1721294449.6576014,0.2046654224395752
121.128.92.46,576,1721294449.6915703,0.20488929748535156
121.128.92.46,577,1721294449.7261605,0.20571255683898926
121.128.92.46,578,1721294449.7590072,0.20489120483398438
121.128.92.46,579,1721294449.793694,0.20583295822143555
121.128.92.46,580,1721294449.8277414,0.20612835884094238
121.128.92.46,581,1721294449.8607364,0.20526528358459473
121.128.92.46,582,1721294449.8947377,0.20548176765441895
121.128.92.46,583,1721294449.9277217,0.20468783378601074
121.128.92.46,584,1721294449.9622014,0.20550942420959473
121.128.92.46,585,1721294449.9952118,0.20503473281860352
121.128.92.46,586,1721294450.0291972,0.20525622367858887
121.128.92.46,587,1721294450.0623696,0.20525360107421875
121.128.92.46,588,1721294450.0957098,0.20498180389404297
121.128.92.46,589,1721294450.1295733,0.20516324043273926
121.128.92.46,590,1721294450.1631947,0.20528960227966309
121.128.92.46,591,1721294450.1965737,0.20510268211364746
121.128.92.46,592,1721294450.2312477,0.20601558685302734
121.128.92.46,593,1721294450.2643034,0.2053053379058838
121.128.92.46,594,1721294450.298636,0.20614194869995117
121.128.92.46,595,1721294450.3316877,0.20534563064575195
121.128.92.46,596,1721294450.364656,0.2047719955444336
121.128.92.46,597,1721294450.3998058,0.20625782012939453
121.128.92.46,598,1721294450.4325986,0.20528960227966309
121.128.92.46,599,1721294450.466487,0.20539283752441406
121.128.92.46,600,1721294450.4999442,0.20525026321411133
121.128.92.46,601,1721294450.533094,0.20463800430297852
121.128.92.46,602,1721294450.5671432,0.20519614219665527
121.128.92.46,603,1721294450.6025267,0.20691776275634766
121.128.92.46,604,1721294450.6344218,0.20504975318908691
121.128.92.46,605,1721294450.6684115,0.20546650886535645
121.128.92.46,606,1721294450.7082884,0.21210241317749023
121.128.92.46,607,1721294450.7353587,0.2054147720336914
121.128.92.46,608,1721294450.7688138,0.20511579513549805
121.128.92.46,609,1721294450.8027544,0.20537638664245605
121.128.92.46,610,1721294450.836609,0.2055668830871582
121.128.92.46,611,1721294450.8706484,0.20588231086730957
121.128.92.46,612,1721294450.903611,0.20510482788085938
121.128.92.46,613,1721294450.9370787,0.20481276512145996
121.128.92.46,614,1721294450.9730372,0.20714116096496582
121.128.92.46,615,1721294451.0050333,0.2056422233581543
121.128.92.46,616,1721294451.0389855,0.20575356483459473
121.128.92.46,617,1721294451.0750358,0.20830273628234863
121.128.92.46,618,1721294451.1282198,0.2279508113861084
121.128.92.46,619,1721294451.160342,0.22623896598815918
121.128.92.46,620,1721294451.1784785,0.21080636978149414
121.128.92.46,621,1721294451.2062676,0.20494461059570312
121.128.92.46,622,1721294451.2401042,0.20499420166015625
121.128.92.46,623,1721294451.2742481,0.20543503761291504
121.128.92.46,624,1721294451.3076115,0.2050623893737793
121.128.92.46,625,1721294451.3426726,0.20636367797851562
121.128.92.46,626,1721294451.3755684,0.2054433822631836
121.128.92.46,627,1721294451.4095201,0.2059180736541748
121.128.92.46,628,1721294451.443033,0.2055819034576416
121.128.92.46,629,1721294451.4769845,0.2059035301208496
121.128.92.46,630,1721294451.5098667,0.2049558162689209
121.128.92.46,631,1721294451.5471158,0.2085268497467041
121.128.92.46,632,1721294451.5770948,0.20514488220214844
121.128.92.46,633,1721294451.6106107,0.20494461059570312
121.128.92.46,634,1721294451.6455483,0.20613622665405273
121.128.92.46,635,1721294451.6785758,0.20540475845336914
121.128.92.46,636,1721294451.7120478,0.20513582229614258
121.128.92.46,637,1721294451.749464,0.20937204360961914
121.128.92.46,638,1721294451.7810159,0.20713591575622559
121.128.92.46,639,1721294451.8159785,0.2084205150604248
121.128.92.46,640,1721294451.8458087,0.20430278778076172
121.128.92.46,641,1721294451.8874223,0.21216130256652832
121.128.92.46,642,1721294451.9164324,0.20752334594726562
121.128.92.46,643,1721294451.9477603,0.2048933506011963
121.128.92.46,644,1721294451.9812672,0.20513510704040527
121.128.92.46,645,1721294452.014295,0.20476317405700684
121.128.92.46,646,1721294452.0477645,0.20482563972473145
121.128.92.46,647,1721294452.0822544,0.2058703899383545
121.128.92.46,648,1721294452.1144078,0.20470976829528809
121.128.92.46,649,1721294452.1484187,0.20524168014526367
121.128.92.46,650,1721294452.1823132,0.20570826530456543
121.128.92.46,651,1721294452.2155132,0.20531225204467773
121.128.92.46,652,1721294452.249003,0.20519804954528809
121.128.92.46,653,1721294452.2823799,0.20510196685791016
121.128.92.46,654,1721294452.3162208,0.20517373085021973
121.128.92.46,655,1721294452.3499765,0.20515656471252441
121.128.92.46,656,1721294452.3841007,0.20546174049377441
121.128.92.46,657,1721294452.4174552,0.20511817932128906
121.128.92.46,658,1721294452.4513235,0.20518755912780762
121.128.92.46,659,1721294452.485658,0.20568299293518066
121.128.92.46,660,1721294452.5191214,0.2053983211517334
121.128.92.46,661,1721294452.5531428,0.20559477806091309
121.128.92.46,662,1721294452.5861187,0.20475363731384277
121.128.92.46,663,1721294452.6199963,0.20493340492248535
121.128.92.46,664,1721294452.653619,0.20530414581298828
121.128.92.46,665,1721294452.6879072,0.2057492733001709
121.128.92.46,666,1721294452.7213113,0.2056732177734375
121.128.92.46,667,1721294452.7542174,0.20492243766784668
121.128.92.46,668,1721294452.7888136,0.20598053932189941
121.128.92.46,669,1721294452.8232956,0.20687365531921387
121.128.92.46,670,1721294452.8557022,0.20543527603149414
121.128.92.46,671,1721294452.8886898,0.20474767684936523
121.128.92.46,672,1721294452.9225454,0.20497941970825195
121.128.92.46,673,1721294452.9579859,0.20654678344726562
121.128.92.46,674,1721294452.9914086,0.20628952980041504
121.128.92.46,675,1721294453.0245514,0.2057504653930664
121.128.92.46,676,1721294453.0598812,0.2078242301940918
121.128.92.46,677,1721294453.0912335,0.20534658432006836
121.128.92.46,678,1721294453.125104,0.20584583282470703
121.128.92.46,679,1721294453.158827,0.20573711395263672
121.128.92.46,680,1721294453.192691,0.2058401107788086
121.128.92.46,681,1721294453.2262135,0.20548248291015625
121.128.92.46,682,1721294453.260148,0.20572113990783691
121.128.92.46,683,1721294453.2989357,0.21084976196289062
121.128.92.46,684,1721294453.3279643,0.20620942115783691
121.128.92.46,685,1721294453.3619492,0.2064952850341797
121.128.92.46,686,1721294453.3948364,0.2056114673614502
121.128.92.46,687,1721294453.43063,0.20765304565429688
121.128.92.46,688,1721294453.4624655,0.20576143264770508
121.128.92.46,689,1721294453.4954517,0.20534062385559082
121.128.92.46,690,1721294453.5352573,0.21140527725219727
121.128.92.46,691,1721294453.5640352,0.20636320114135742
121.128.92.46,692,1721294453.5970166,0.2061154842376709
121.128.92.46,693,1721294453.6354754,0.21092939376831055
121.128.92.46,694,1721294453.6644971,0.20656609535217285
121.128.92.46,695,1721294453.704317,0.21292614936828613
121.128.92.46,696,1721294453.7301803,0.20496225357055664
121.128.92.46,697,1721294453.7640536,0.20510053634643555
121.128.92.46,698,1721294453.7980578,0.20565176010131836
121.128.92.46,699,1721294453.8315485,0.20534539222717285
121.128.92.46,700,1721294453.8656209,0.20579981803894043
121.128.92.46,701,1721294453.8985064,0.20508837699890137
121.128.92.46,702,1721294453.932708,0.20557403564453125
121.128.92.46,703,1721294453.9662352,0.2056870460510254
121.128.92.46,704,1721294454.0001519,0.20612478256225586
121.128.92.46,705,1721294454.0340462,0.20618605613708496
121.128.92.46,706,1721294454.0670855,0.2059764862060547
121.128.92.46,707,1721294454.10104,0.20639300346374512
121.128.92.46,708,1721294454.1353748,0.20734786987304688
121.128.92.46,709,1721294454.1772165,0.21564841270446777
121.128.92.46,710,1721294454.2057495,0.21062350273132324
121.128.92.46,711,1721294454.249195,0.2202131748199463
121.128.92.46,712,1721294454.2684069,0.20576977729797363
121.128.92.46,713,1721294454.3018591,0.20556211471557617
121.128.92.46,714,1721294454.3367646,0.20679354667663574
121.128.92.46,715,1721294454.368665,0.20493793487548828
121.128.92.46,716,1721294454.4026163,0.20513129234313965
121.128.92.46,717,1721294454.4862013,0.2550482749938965
121.128.92.46,718,1721294454.4865398,0.2218177318572998
121.128.92.46,719,1721294454.504345,0.2059769630432129
121.128.92.46,720,1721294454.5382364,0.20606637001037598
121.128.92.46,721,1721294454.5733738,0.20755577087402344
121.128.92.46,722,1721294454.6100323,0.21056628227233887
121.128.92.46,723,1721294454.6404989,0.2072758674621582
121.128.92.46,724,1721294454.6724358,0.20549678802490234
121.128.92.46,725,1721294454.7058048,0.2055058479309082
121.128.92.46,726,1721294454.739194,0.2052149772644043
121.128.92.46,727,1721294454.7810354,0.21329140663146973
121.128.92.46,728,1721294454.827245,0.22614502906799316
121.128.92.46,729,1721294454.8399146,0.20516753196716309
121.128.92.46,730,1721294454.873922,0.2055511474609375
121.128.92.46,731,1721294454.9080272,0.20584607124328613
121.128.92.46,732,1721294454.987596,0.25165796279907227
121.128.92.46,733,1721294454.9953172,0.22601032257080078
121.128.92.46,734,1721294455.0084872,0.2056882381439209
121.128.92.46,735,1721294455.0421183,0.20547223091125488
121.128.92.46,736,1721294455.081829,0.2119450569152832
121.128.92.46,737,1721294455.1127648,0.20914173126220703
121.128.92.46,738,1721294455.1428027,0.20549464225769043
121.128.92.46,739,1721294455.1768327,0.20585966110229492
121.128.92.46,740,1721294455.2122455,0.20770955085754395
121.128.92.46,741,1721294455.2441583,0.20576238632202148
121.128.92.46,742,1721294455.2774882,0.20566821098327637
121.128.92.46,743,1721294455.3130007,0.20778179168701172
121.128.92.46,744,1721294455.345029,0.20632219314575195
121.128.92.46,745,1721294455.3774014,0.20494937896728516
121.128.92.46,746,1721294455.411545,0.20554304122924805
121.128.92.46,747,1721294455.44735,0.20732808113098145
121.128.92.46,748,1721294455.4883223,0.21458125114440918
121.128.92.46,749,1721294455.5132415,0.20583462715148926
121.128.92.46,750,1721294455.5462606,0.20503759384155273
121.128.92.46,751,1721294455.5801208,0.2049238681793213
121.128.92.46,752,1721294455.613537,0.20493602752685547
121.128.92.46,753,1721294455.6476285,0.20535063743591309
121.128.92.46,754,1721294455.6817012,0.20562410354614258
121.128.92.46,755,1721294455.7163026,0.20627951622009277
121.128.92.46,756,1721294455.7486796,0.2049577236175537
121.128.92.46,757,1721294455.7854404,0.2077794075012207
121.128.92.46,758,1721294455.8168845,0.2053544521331787
121.128.92.46,759,1721294455.8511832,0.2059032917022705
121.128.92.46,760,1721294455.8878481,0.20894503593444824
121.128.92.46,761,1721294455.917744,0.20490694046020508
121.128.92.46,762,1721294455.9516203,0.20496535301208496
121.128.92.46,763,1721294455.991498,0.21152591705322266
121.128.92.46,764,1721294456.0184374,0.2051844596862793
121.128.92.46,765,1721294456.0528297,0.20560884475708008
121.128.92.46,766,1721294456.085914,0.20507383346557617
121.128.92.46,767,1721294456.1226895,0.2079753875732422
121.128.92.46,768,1721294456.1556094,0.20722746849060059
121.128.92.46,769,1721294456.2667165,0.28456854820251465
121.128.92.46,770,1721294456.2726376,0.25693559646606445
121.128.92.46,771,1721294456.2729344,0.2234504222869873
121.128.92.46,772,1721294456.2893028,0.20607590675354004
121.128.92.46,773,1721294456.322095,0.20508289337158203
121.128.92.46,774,1721294456.3561184,0.20542454719543457
121.128.92.46,775,1721294456.3897722,0.20511412620544434
121.128.92.46,776,1721294456.4236903,0.20535731315612793
121.128.92.46,777,1721294456.45762,0.20530986785888672
121.128.92.46,778,1721294456.4916244,0.20549535751342773
121.128.92.46,779,1721294456.525273,0.2053220272064209
121.128.92.46,780,1721294456.561278,0.20752215385437012
121.128.92.46,781,1721294456.5925837,0.20499062538146973
121.128.92.46,782,1721294456.6265745,0.20517849922180176
121.128.92.46,783,1721294456.6605327,0.2058086395263672
121.128.92.46,784,1721294456.6981573,0.20976042747497559
121.128.92.46,785,1721294456.7287247,0.20698881149291992
121.128.92.46,786,1721294456.7632692,0.20787811279296875
121.128.92.46,787,1721294456.7943087,0.20531964302062988
121.128.92.46,788,1721294456.8281062,0.20541715621948242
121.128.92.46,789,1721294456.8619301,0.20534110069274902
121.128.92.46,790,1721294456.8950653,0.20519328117370605
121.128.92.46,791,1721294456.9296243,0.20595526695251465
121.128.92.46,792,1721294456.9626641,0.20518708229064941
121.128.92.46,793,1721294456.9976041,0.20645523071289062
121.128.92.46,794,1721294457.030252,0.20532989501953125
121.128.92.46,795,1721294457.0632482,0.2050931453704834
121.128.92.46,796,1721294457.0972614,0.2057044506072998
121.128.92.46,797,1721294457.1307185,0.20572257041931152
121.128.92.46,798,1721294457.163608,0.20537400245666504
121.128.92.46,799,1721294457.1986005,0.20684361457824707
121.128.92.46,800,1721294457.2309809,0.20550775527954102
121.128.92.46,801,1721294457.2646391,0.20572519302368164
121.128.92.46,802,1721294457.2981007,0.20576071739196777
121.128.92.46,803,1721294457.3341448,0.20826172828674316
121.128.92.46,804,1721294457.3651214,0.20556139945983887
121.128.92.46,805,1721294457.398591,0.2055799961090088
121.128.92.46,806,1721294457.4335659,0.206953763961792
121.128.92.46,807,1721294457.465577,0.20513677597045898
121.128.92.46,808,1721294457.4999204,0.20592737197875977
121.128.92.46,809,1721294457.536689,0.20894694328308105
121.128.92.46,810,1721294457.566461,0.20546317100524902
121.128.92.46,811,1721294457.6002743,0.20558834075927734
121.128.92.46,812,1721294457.6337543,0.20589327812194824
121.128.92.46,813,1721294457.6794755,0.21800947189331055
121.128.92.46,814,1721294457.7010007,0.2058727741241455
121.128.92.46,815,1721294457.7338662,0.20522618293762207
121.128.92.46,816,1721294457.767746,0.20537090301513672
121.128.92.46,817,1721294457.801602,0.20577692985534668
121.128.92.46,818,1721294457.834463,0.20539188385009766
121.128.92.46,819,1721294457.8684263,0.20562434196472168
121.128.92.46,820,1721294457.9017982,0.20557117462158203
121.128.92.46,821,1721294457.9350975,0.20541143417358398
121.128.92.46,822,1721294457.9684749,0.20495986938476562
121.128.92.46,823,1721294458.0025787,0.20587968826293945
121.128.92.46,824,1721294458.037554,0.2072460651397705
121.128.92.46,825,1721294458.068899,0.20512080192565918
121.128.92.46,826,1721294458.1021097,0.20496869087219238
121.128.92.46,827,1721294458.141057,0.2102360725402832
121.128.92.46,828,1721294458.1701615,0.20588946342468262
121.128.92.46,829,1721294458.2032304,0.20555949211120605
121.128.92.46,830,1721294458.2365887,0.20512175559997559
121.128.92.46,831,1721294458.2719123,0.20683836936950684
121.128.92.46,832,1721294458.3046412,0.20586514472961426
121.128.92.46,833,1721294458.3381717,0.2057187557220459
121.128.92.46,834,1721294458.3720322,0.20572519302368164
121.128.92.46,835,1721294458.4070072,0.20706820487976074
121.128.92.46,836,1721294458.439596,0.20580387115478516
121.128.92.46,837,1721294458.4726372,0.205092191696167
121.128.92.46,838,1721294458.5065987,0.2054736614227295
121.128.92.46,839,1721294458.540601,0.20572590827941895
121.128.92.46,840,1721294458.5734956,0.20527958869934082
121.128.92.46,841,1721294458.6083045,0.2065434455871582
121.128.92.46,842,1721294458.6410592,0.20553326606750488
121.128.92.46,843,1721294458.67562,0.20650911331176758
121.128.92.46,844,1721294458.708194,0.20552492141723633
121.128.92.46,845,1721294458.744217,0.20776700973510742
121.128.92.46,846,1721294458.7765288,0.2064199447631836
121.128.92.46,847,1721294458.809292,0.20545315742492676
121.128.92.46,848,1721294458.8431416,0.20563054084777832
121.128.92.46,849,1721294458.8808703,0.20968341827392578
121.128.92.46,850,1721294458.9102933,0.2052173614501953
121.128.92.46,851,1721294458.9442167,0.2054598331451416
121.128.92.46,852,1721294458.977595,0.20540904998779297
121.128.92.46,853,1721294459.0115645,0.20599842071533203
121.128.92.46,854,1721294459.0455356,0.20629262924194336
121.128.92.46,855,1721294459.0784533,0.2057662010192871
121.128.92.46,856,1721294459.1123264,0.20597434043884277
121.128.92.46,857,1721294459.146157,0.20596003532409668
121.128.92.46,858,1721294459.1800299,0.2061779499053955
121.128.92.46,859,1721294459.2129242,0.20531415939331055
121.128.92.46,860,1721294459.2475379,0.20594191551208496
121.128.92.46,861,1721294459.2804883,0.20528531074523926
121.128.92.46,862,1721294459.3142567,0.20521259307861328
121.128.92.46,863,1721294459.3490777,0.20638561248779297
121.128.92.46,864,1721294459.383072,0.2066669464111328
121.128.92.46,865,1721294459.4151094,0.2049713134765625
121.128.92.46,866,1721294459.4489737,0.205061674118042
121.128.92.46,867,1721294459.4828315,0.2051084041595459
121.128.92.46,868,1721294459.5165935,0.20517945289611816
121.128.92.46,869,1721294459.5515366,0.2063145637512207
121.128.92.46,870,1721294459.584206,0.20539402961730957
121.128.92.46,871,1721294459.618439,0.2059309482574463
121.128.92.46,872,1721294459.652288,0.20626306533813477
121.128.92.46,873,1721294459.6846924,0.2050952911376953
121.128.92.46,874,1721294459.7193677,0.20592164993286133
121.128.92.46,875,1721294459.753366,0.2062540054321289
121.128.92.46,876,1721294459.7863522,0.20553016662597656
121.128.92.46,877,1721294459.820256,0.20568609237670898
121.128.92.46,878,1721294459.8534038,0.20511269569396973
121.128.92.46,879,1721294459.8873918,0.20549869537353516
121.128.92.46,880,1721294459.9210682,0.20557212829589844
121.128.92.46,881,1721294459.954573,0.20531201362609863
121.128.92.46,882,1721294459.9887767,0.2059335708618164
121.128.92.46,883,1721294460.022786,0.20629000663757324
121.128.92.46,884,1721294460.0553606,0.2053534984588623
121.128.92.46,885,1721294460.0892336,0.2058255672454834
121.128.92.46,886,1721294460.1230989,0.20607280731201172
121.128.92.46,887,1721294460.156002,0.2053990364074707
121.128.92.46,888,1721294460.1889389,0.20497584342956543
121.128.92.46,889,1721294460.2228894,0.20535635948181152
121.128.92.46,890,1721294460.2577012,0.20670318603515625
121.128.92.46,891,1721294460.2905068,0.20592975616455078
121.128.92.46,892,1721294460.3239634,0.20562243461608887
121.128.92.46,893,1721294460.35834,0.20627593994140625
121.128.92.46,894,1721294460.3960493,0.21022725105285645
121.128.92.46,895,1721294460.4249196,0.20525670051574707
121.128.92.46,896,1721294460.4587646,0.20533251762390137
121.128.92.46,897,1721294460.4954293,0.20824027061462402
121.128.92.46,898,1721294460.525682,0.2052140235900879
121.128.92.46,899,1721294460.5595455,0.2055225372314453
121.128.92.46,900,1721294460.5931802,0.20581626892089844
121.128.92.46,901,1721294460.6271033,0.20607233047485352
121.128.92.46,902,1721294460.6609564,0.20607233047485352
121.128.92.46,903,1721294460.6957135,0.20719051361083984
121.128.92.46,904,1721294460.7290668,0.20674681663513184
121.128.92.46,905,1721294460.76255,0.20645523071289062
121.128.92.46,906,1721294460.7953684,0.20577049255371094
121.128.92.46,907,1721294460.8293407,0.2060227394104004
121.128.92.46,908,1721294460.8632967,0.20602965354919434
121.128.92.46,909,1721294460.8970668,0.20623087882995605
121.128.92.46,910,1721294460.9297202,0.2050480842590332
121.128.92.46,911,1721294460.9671428,0.20864582061767578
121.128.92.46,912,1721294460.9980938,0.20598673820495605
121.128.92.46,913,1721294461.0309803,0.20543932914733887
121.128.92.46,914,1721294461.0642858,0.2052607536315918
121.128.92.46,915,1721294461.0985343,0.20571327209472656
121.128.92.46,916,1721294461.1333823,0.2068343162536621
121.128.92.46,917,1721294461.1648982,0.2050321102142334
121.128.92.46,918,1721294461.202849,0.20958185195922852
121.128.92.46,919,1721294461.2347753,0.2079002857208252
121.128.92.46,920,1721294461.2657135,0.20540237426757812
121.128.92.46,921,1721294461.3005538,0.20682978630065918
121.128.92.46,922,1721294461.332718,0.20518183708190918
121.128.92.46,923,1721294461.3663661,0.20499825477600098
121.128.92.46,924,1721294461.4010804,0.2060854434967041
121.128.92.46,925,1721294461.4343066,0.20549368858337402
121.128.92.46,926,1721294461.4676793,0.20506024360656738
121.128.92.46,927,1721294461.5015473,0.20568227767944336
121.128.92.46,928,1721294461.5354002,0.20570826530456543
121.128.92.46,929,1721294461.5693245,0.20577740669250488
121.128.92.46,930,1721294461.602632,0.20564794540405273
121.128.92.46,931,1721294461.636441,0.2056410312652588
121.128.92.46,932,1721294461.6691527,0.20507574081420898
121.128.92.46,933,1721294461.704118,0.2064831256866455
121.128.92.46,934,1721294461.736375,0.20508909225463867
121.128.92.46,935,1721294461.770713,0.2057170867919922
121.128.92.46,936,1721294461.803628,0.20500707626342773
121.128.92.46,937,1721294461.8374674,0.20562434196472168
121.128.92.46,938,1721294461.870958,0.20525908470153809
121.128.92.46,939,1721294461.9052496,0.20587468147277832
121.128.92.46,940,1721294461.938094,0.2054438591003418
121.128.92.46,941,1721294461.9718673,0.20538830757141113
121.128.92.46,942,1721294462.004843,0.2051229476928711
121.128.92.46,943,1721294462.0387084,0.2051234245300293
121.128.92.46,944,1721294462.0724902,0.20531129837036133
121.128.92.46,945,1721294462.1065483,0.20590829849243164
121.128.92.46,946,1721294462.1399035,0.20579051971435547
121.128.92.46,947,1721294462.1819057,0.2143387794494629
121.128.92.46,948,1721294462.2067297,0.20557761192321777
121.128.92.46,949,1721294462.2399065,0.20514249801635742
121.128.92.46,950,1721294462.2759392,0.20739531517028809
121.128.92.46,951,1721294462.3073947,0.2051527500152588
121.128.92.46,952,1721294462.3414905,0.20590543746948242
121.128.92.46,953,1721294462.374478,0.20509099960327148
121.128.92.46,954,1721294462.4121208,0.20912480354309082
121.128.92.46,955,1721294462.4421802,0.2055060863494873
121.128.92.46,956,1721294462.4762268,0.20572376251220703
121.128.92.46,957,1721294462.509566,0.20534110069274902
121.128.92.46,958,1721294462.5448897,0.207230806350708
121.128.92.46,959,1721294462.580665,0.20911216735839844
121.128.92.46,960,1721294462.6225197,0.21735477447509766
121.128.92.46,961,1721294462.6450021,0.2059612274169922
121.128.92.46,962,1721294462.6780353,0.20513319969177246
121.128.92.46,963,1721294462.712003,0.20529603958129883
121.128.92.46,964,1721294462.748746,0.20820999145507812
121.128.92.46,965,1721294462.78174,0.20733094215393066
121.128.92.46,966,1721294462.814779,0.20650005340576172
121.128.92.46,967,1721294462.8514438,0.2094416618347168
121.128.92.46,968,1721294462.8815365,0.20552539825439453
121.128.92.46,969,1721294462.9153068,0.20524072647094727
121.128.92.46,970,1721294462.9518178,0.2080378532409668
121.128.92.46,971,1721294462.9826722,0.2052443027496338
121.128.92.46,972,1721294463.0169616,0.20585846900939941
121.128.92.46,973,1721294463.0558987,0.21092772483825684
121.128.92.46,974,1721294463.0854316,0.20682048797607422
121.128.92.46,975,1721294463.1183915,0.20599055290222168
121.128.92.46,976,1721294463.1521525,0.20587944984436035
121.128.92.46,977,1721294463.1869738,0.20697784423828125
121.128.92.46,978,1721294463.2191262,0.20527124404907227
121.128.92.46,979,1721294463.2530315,0.20529842376708984
121.128.92.46,980,1721294463.2873566,0.2058706283569336
121.128.92.46,981,1721294463.3211076,0.20583057403564453
121.128.92.46,982,1721294463.3545089,0.20548796653747559
121.128.92.46,983,1721294463.388362,0.20545482635498047
121.128.92.46,984,1721294463.422949,0.20622611045837402
121.128.92.46,985,1721294463.4559338,0.20534992218017578
121.128.92.46,986,1721294463.4898973,0.20546936988830566
121.128.92.46,987,1721294463.5236647,0.2053687572479248
121.128.92.46,988,1721294463.5574827,0.20536279678344727
121.128.92.46,989,1721294463.5914857,0.20561766624450684
121.128.92.46,990,1721294463.6263316,0.20659160614013672
121.128.92.46,991,1721294463.6586092,0.20499920845031738
121.128.92.46,992,1721294463.692022,0.20510315895080566
121.128.92.46,993,1721294463.7259204,0.20520639419555664
121.128.92.46,994,1721294463.7626853,0.2086942195892334
121.128.92.46,995,1721294463.7955737,0.20778775215148926
121.128.92.46,996,1721294463.8265433,0.20531940460205078
121.128.92.46,997,1721294463.8602593,0.20518922805786133
121.128.92.46,998,1721294463.8981402,0.2093031406402588
121.128.92.46,999,1721294463.9282603,0.20584440231323242
121.128.92.46,1000,1721294463.962121,0.2058579921722412
121.128.92.46,1001,1721294463.9949079,0.2053687572479248
121.128.92.46,1002,1721294464.0288835,0.20563840866088867
121.128.92.46,1003,1721294464.0616112,0.20517611503601074
121.128.92.46,1004,1721294464.095372,0.20551204681396484
121.128.92.46,1005,1721294464.1292334,0.20529937744140625
121.128.92.46,1006,1721294464.1629722,0.20566821098327637
